Time,V1,V2,V3,V4,V5,V6,V7,V8,V9,V10,V11,V12,V13,V14,V15,V16,V17,V18,V19,V20,V21,V22,V23,V24,V25,V26,V27,V28,Amount
139992.0,2.01185243133228,-0.160838686381982,-1.02279122643369,0.330832326998622,-0.207849104916521,-0.962735057411965,0.0259900259391882,-0.145372383512277,0.404840806466067,0.267038446204589,0.895180019039197,0.703514871433401,-0.891558030137645,0.647725823293597,-0.573471670835957,0.104148229292538,-0.4560860991995,-0.299781866248572,0.406223843700034,-0.270730217781685,-0.2411519597145,-0.639545695501484,0.349391699711599,0.054071770707476,-0.369920472474262,0.175537274509172,-0.0800509850681989,-0.0709725928352101,1.98
48008.0,1.00115603232453,-0.118181444550379,0.361123105237955,0.68670302586685,-0.298137968198804,-0.226417716857266,0.0452688671462708,-0.0079212623327127,-0.0029179701513105,-0.165575001193237,0.459984660070714,0.622111827490156,0.310902220826181,0.310560015431743,1.45127888811099,-0.500582365939536,0.281420541503417,-1.27512589322789,-1.12620782181739,0.0037267627820975,0.17228733786801,0.443544277687081,-0.0503027810227876,0.152127813438159,0.310406318220825,0.45854751087237,-0.0150815646539422,0.022130208338485,84.1
134847.0,2.02393787656894,-0.356864897665819,-0.496213722905915,0.361139963523279,-0.407078178549634,-0.204001305666826,-0.548713771009296,-0.0741167083798816,1.3749159554451,-0.191927304014664,-1.44556489705893,0.756571198436717,1.17297052877561,-0.425858517419471,0.421437422941732,0.230071177360742,-0.801844143889026,0.306010862936388,0.0200369316172136,-0.139333540467408,0.159400352389578,0.768384287289101,0.022523741835848,-0.603714081411914,0.0268162497671001,-0.175504408460219,0.0469793096152753,-0.0412335400974895,9.99
45460.0,1.23096574073912,0.371310288605736,-0.163401547621004,1.07014718653468,0.122527420439801,-0.754646960495547,0.403369376296586,-0.157406773672244,-0.118254146446472,0.0327884146691424,-0.32837483889212,-0.274779729247278,-1.10526232753142,0.807899627864042,1.05228099230733,-0.457882243534779,0.0266299633825469,-0.685599519024154,-0.603104435036244,-0.25443401996208,0.018648097760195,0.0920774392775592,-0.104923331023252,0.0472175632611853,0.743015754236706,-0.262326883359108,0.001353055189503,0.0052448275708931,2.72
60066.0,-1.85949952984276,-0.543435491263689,1.26067832283092,1.60178034736239,-0.943178358386017,-0.896316501176099,0.673119942406909,0.359735169342647,-0.720969994383308,-0.675625475017079,-0.310975450607912,-0.188236829805941,-0.590328495212588,0.754313497912984,1.29250017536176,0.0522167857618689,0.107629811713276,0.262858210853994,0.07335014436095,0.758243041347945,0.356612324334158,0.0195812206790517,0.706609714895059,0.846093141432162,-0.272066912827948,-0.491546827963707,-0.0488434892499487,-0.0377379620111617,298.0
57748.0,1.11276424189233,-0.833054095186118,1.05060829895319,0.587764685629065,-1.38949581308971,0.271418178391924,-1.03590084451981,0.277936017734784,-0.411910042699204,0.893719047197128,0.272043069253238,-0.0764601639344494,-1.01307980523558,0.082987439064379,-0.0985723891209963,-0.838625790496772,-0.445179282287667,2.16547137041298,-0.763798569821799,-0.456456866299594,-0.328187873472011,-0.600524706256123,-0.0123410013994584,-0.0707388805058324,0.211298258514779,-0.39690569581785,0.0653737541733237,0.0396314898370917,80.0
70243.0,-0.533769266510014,1.07811794120261,1.41217465062807,1.35971238147149,-0.0362814735093633,-0.165519515302347,0.587253977569396,-1.09477542878682,-0.758440001328117,0.598491735482838,1.54414848032478,0.496908984755731,-0.129060294080849,0.405249645041851,0.917728326387221,-0.621737665272262,-0.0495782814038708,0.643228940952419,1.61889325108397,-0.057074347051481,0.91991319504093,0.471958676434175,0.0008704534684146,0.552122775883123,-0.364519787562835,-0.22862756211925,-0.0282125432672111,-0.0781395312879613,39.32
161447.0,-1.12426162541053,0.627729311636006,1.48683442600694,-0.399080402727678,0.0331960174854869,0.154536882677692,-0.231507946017688,0.647484259972206,0.190533729701593,-1.23454231563951,-1.60728597630099,-0.223590081508809,-0.273886338769034,0.115041448238869,0.587887150218973,0.0927191919681941,-0.247895317040754,0.651481221380731,0.408179519318184,-0.0344719193337406,0.230422709850913,0.538253704698176,-0.461027433847582,0.497802218525299,0.700553534894933,-0.0232078991737786,-0.0443046172967585,-0.0347042497751042,4.99
138868.0,0.258459081259671,1.31552218866756,-1.15868417745119,0.434192289048731,1.79816794537141,-0.614591336716586,1.44016193220982,-0.224183083974828,-0.511905157303061,-1.01177544796827,-1.12934072895075,-0.397623742320215,-0.196728663236275,-1.17660516184189,-0.746795869367867,-0.0603537119534462,0.7095511652659,0.289740405793827,-0.486367059031171,-0.187468232358742,-0.0045992109586539,0.140690216243209,-0.304794372726155,0.139950123675717,0.325505986153609,-0.567407795019975,0.0419362009971712,0.024901555761234,1.0
127409.0,-1.16720872135234,0.759754423476753,-0.595749245238256,-2.69908203495959,0.931006243630426,-1.27780025734046,1.35554281947312,-0.234601248404444,0.705714977275772,-0.382933287155235,0.075887439711678,-0.215304399496217,-2.25028780863556,0.617667966946897,-1.68657768322849,-0.216727725068141,-0.698209615640139,-0.13426098339601,-0.287787148954745,-0.311863801619707,0.0332958272234835,0.297513156976018,-0.194959609458484,-0.370589365879323,0.0865303727347794,0.514857446916946,0.0136007566510421,0.226211894031201,8.49
69619.0,0.965407519217457,-0.786888350565539,0.981431772071269,0.291839040759169,-1.17609214672308,0.105525928657026,-0.637648009924493,0.204656109180411,1.29332310090439,-0.52478460648749,-0.688020889743214,0.300572533982172,-0.712611228916626,-0.366883673806836,0.0375188853365564,-0.366797062465964,0.465411908374771,-0.982650969039104,0.0783932038442814,0.0599984906450211,-0.150681454440982,-0.409734510336495,0.0259443325945309,0.147517344159682,0.0018573049693821,0.96296623697842,-0.0415232950489267,0.027776728116653,113.28
149788.0,-0.866550659520504,1.15136742659666,0.822670446573043,0.0309911583347762,0.613230034492246,0.338690098151521,0.603120632781403,0.574190394237978,-0.378492818883582,-1.10979263916503,0.0184262579365486,1.75575617680155,0.640759089997795,-0.089914527329941,-3.31053056291545,-0.386350124487948,-0.269720184616422,-0.3833303799662,-0.0631035447884392,-0.289399917783477,-0.165031008917005,-0.34370345798463,-0.140286883791264,0.755560437654934,0.17289949742944,-0.982583463895426,0.0288465624631954,0.0799343843417714,5.0
54186.0,0.373916992018877,-1.4946420245527,-0.344523144507072,0.538016071453899,-1.00040609085515,-0.778392447637504,0.608202070297235,-0.199568252504895,0.0997316350900975,-0.191328826247415,1.18488245940644,0.4340038753522,-1.31783123329181,0.709110004924118,-0.426569508398499,-0.0443214079210186,-0.0398310667273365,-0.0900793438054227,0.375280846685638,0.745772386933949,0.235428698077255,-0.290167045165677,-0.454411768152822,0.617785881190358,0.284080551004627,1.01655076221145,-0.190027225683151,0.0603483055534594,452.96
153265.0,-1.45805495864603,1.70926883694505,-0.828281653208722,-0.807663702264982,1.53041376997014,0.677427526269371,1.14781660154712,-0.503265656338854,1.80919541773713,1.70563273778368,0.704019384760344,-0.61695346919396,-1.11128646733241,-1.69345584698915,2.08022996980325,-1.62129981281824,1.30172672981784,-1.34453574993037,-1.83111570241358,0.424979508363547,0.210808668440763,1.42460465078909,-0.0670312964563278,-1.41311617385929,-0.619641787220953,-0.166949341173666,-0.587305157208905,-0.215219007728889,4.9
27704.0,-1.39665462054687,1.49182169830049,0.672095404783922,1.06416451743738,-0.441201964845281,-0.725032214906499,0.0887454194983285,0.640928781731715,-1.04250595277056,-0.516661268629663,0.0737366188614745,1.00392546118076,1.0883851209652,0.755161498847363,1.06836973050013,-0.582673908597751,0.540625176398775,-0.577956703489765,-0.122584673581599,-0.298967705710456,0.325587892924696,0.788607012613681,0.113663195190528,0.653714422988458,-0.317641063103351,-0.357260967978499,-0.281338915085604,0.0105098831955567,20.0
141320.0,-6.35233691096656,-2.37033515007664,-4.87539667887196,2.33504453116197,-0.809554897212021,-0.413647316208307,-4.08230817063438,2.23908947335972,-1.98635950470675,-5.16533081830893,2.94293916487767,-4.12572224190365,-0.433094395260294,-3.5181311704857,0.420777387095712,-5.10447983930312,-7.9253889983055,-3.41570671508705,0.71833237368083,0.186898304507656,1.32521840044042,1.22674487561089,-1.4852168616857,-1.47073226048821,-0.240053392971609,0.112972036960476,0.910590643802817,-0.650943712766886,195.66
121826.0,-0.590658594669906,2.04264617565465,-1.89392163021649,0.0567776809245248,0.42244168853159,-1.51309405388136,0.296426190982852,0.641370775451234,-0.648842540846672,-1.65888331673543,1.60442976588011,0.743535173938387,0.428411366616526,-1.94685323163709,0.0291657767658465,0.981633787836857,1.89316165241352,1.92999907067578,-0.239864840105827,-0.129796863006753,0.321180923193999,0.882328071187234,-0.119487136871897,-0.129564052253533,-0.29098540626692,-0.172327033032542,0.0008424376457985,0.0676187094873062,1.0
23129.0,-1.15392850560639,1.90870475397212,1.56324451967156,0.868447116407569,0.614446339618787,0.483946150085479,0.5996772944524,0.0474341390081264,0.91400197164114,0.289992562858777,0.350441173111719,-2.17335922544069,3.03643600387953,1.17800581884295,0.868153574415954,-0.442810248318285,0.510205037162375,-0.251285941351119,0.563723960988807,0.53961964296369,-0.598167365360465,-0.947512357503078,-0.192214230474245,-0.850049594642655,0.253977715438711,-0.519699886498316,0.0908647370380416,-0.25271390372228,1.0
3234.0,1.22140021485006,0.156468144422123,0.202093898284009,1.00297729075903,0.277528621560391,0.609759003004177,-0.0939705037467778,0.100047917142539,0.107886092568655,0.0215425259155715,-0.0661091100711063,1.28648267983897,1.12598116456945,-0.155164243356487,-0.910065173258089,0.317712603794394,-0.892610830749368,0.257325559914413,0.787058985197763,-0.010645258152423,-0.289409518370547,-0.664388740769195,-0.159016381336491,-1.02515706841614,0.671850569634473,-0.466595796842878,0.0377240418977236,0.0083715440935093,18.46
46628.0,-0.925240932130789,0.897583440669199,1.87414202962573,0.970998737005085,-0.385166068760598,0.329495534566777,0.081693343843615,0.277205716995038,0.576977819761975,0.150400401421073,-0.787323822808028,-0.156828456357381,-0.666644462446992,-0.310755595847182,0.543464183243992,-0.767325134492658,0.361254273762255,-0.14223135419353,0.182898017046613,0.154462281759863,0.146070888876702,0.841513945090711,-0.175191543965799,0.098912657388533,-0.084749625300089,-0.144432634842469,0.430700780258489,0.285853329126239,23.78
33925.0,1.3008458007649,-0.783416465575099,0.125612493023371,-1.01804832817221,-0.485203737696455,0.486670900611648,-0.833626660618754,0.14385444453757,-0.890988845308398,0.729032562068474,0.75280448230818,0.016425649418638,0.769367993442062,-0.188806523211357,0.49075515080393,1.4366391596866,-0.215025107722207,-0.705116172815398,0.644318576359259,0.21446323467088,0.396525742199831,1.02275750572097,-0.300360052433334,-0.959335956215267,0.606248261385681,0.0449805313261047,0.022361664927508,0.002237587847812,57.0
33727.0,1.17999385697,0.222008544158932,0.152578541307415,0.456383488330051,0.0233468483093467,-0.0883939487478383,-0.0941993606851818,0.103112377439201,-0.203973035290413,-0.159655871730449,1.55406577178586,0.882273262898418,0.145682988576226,-0.0738551621508465,0.674109896979645,0.480868749750319,-0.0949411822481548,-0.139865907866861,-0.145376765421058,-0.0789152463320554,-0.226094328796831,-0.670056373016741,0.100125630113868,-0.348969748068814,0.153307892904996,0.126407940866728,-0.0123706431807021,0.0150307769977791,8.7
75753.0,-1.08788635125793,0.903454274817666,2.25175371874698,0.994968090359091,-0.838809650704841,0.56402864129163,-0.0171955218721193,0.66505948703054,-0.381212492996397,-0.89089641744924,-0.546235547679876,0.581525839739621,0.813063268777334,-0.0853100463097165,0.993605989870805,-0.297341276186208,0.300359311342269,-0.131901056135355,0.143153919189158,0.123613103676107,0.172789438242003,0.425466174191047,-0.0276154317403627,0.0963886857517627,0.223455759009627,-0.239472530013855,-0.0030766242695343,0.0343875528698155,83.42
59903.0,-0.86708607844749,1.05809575573284,1.5041577904371,1.89486576816646,1.17525909861782,-0.131358273512607,0.949322717761337,0.0844535340301152,-1.74234727273354,0.156839782516295,0.0316103722424561,-0.20017036635166,-0.270023798909893,0.535739354682251,0.51059643423573,-0.494001428044412,0.255099917713094,-1.30674792028637,-1.51734524785437,-0.0487056457273676,0.178048290955317,0.390435966928375,-0.133652206300702,0.0875747223846431,0.16376463383839,0.0857711704581616,0.0564527503241029,0.0968549392475297,15.94
64741.0,1.23728479160033,0.69566156492891,-0.353485031899773,1.35550683559135,0.0475859181170864,-1.25426378614687,0.284144568414789,-0.222092652173159,-0.028516186477642,-0.669459538697951,0.0544140804066223,-0.334853530810237,-0.472011450996666,-1.25412477834527,1.13463490933993,0.615590723620442,0.918108308297768,0.643006930541123,-0.622806519589024,-0.124455987601781,-0.0724524908178837,-0.155733739931919,-0.118595564393575,0.240849265519879,0.677132619226008,-0.326026012378635,0.0325521075374389,0.0566183550118941,1.0
70359.0,-1.18867273046664,1.45628816362058,1.03365311459435,0.990657562184763,0.0754394106652596,-0.332212882817502,0.28181700386806,0.354018491845016,-0.783840933727494,-0.0676219885082955,-0.257954947485774,0.382263639705201,0.644038460455779,0.489121969258344,1.45283394844868,-0.667185717335314,0.363926320101959,-0.367155644239057,0.3949994752739,0.0297773981004089,0.168972977805223,0.497624770608814,-0.2960438495641,0.117362407063471,0.13196385136851,-0.18631593170872,0.0340209087891707,0.0540130057032321,2.84
75079.0,-0.618902081378052,0.545430054770641,2.33631610112946,0.687458209940739,-0.362395775998268,0.302596225491799,-0.132560662377576,0.343380528015678,0.540006166627759,-0.539322380117733,-0.913375674367296,-0.337600226552819,-1.17327297217071,-0.247355466626953,0.347674933701642,-0.284502435583457,0.109348771359653,-0.210910416224162,-0.39144691902083,-0.193176636750157,0.0498465396911947,0.237068742553962,-0.103759476283972,0.0350069124392399,-0.169094216427416,-0.429149812278557,-0.0103018849414959,0.0883792768871784,0.01
46275.0,-0.413594909582404,0.929969240188276,1.17970086599898,0.847257589311734,0.132546471805245,-0.296949348181954,0.696491590447967,-0.0071514570567865,-0.390042542451105,-0.122719804065054,-0.529524471946625,-0.782567747214016,-1.36978389444214,0.610813788544692,1.42822058219232,-0.556343782758204,0.159325530282555,-0.176694529148126,0.0861864243180769,-0.155297557186151,0.180008152929276,0.509107612488591,-0.120947888826453,0.0564769019629131,-0.390090753352009,-0.31270640434233,0.066722616957598,0.145014653223713,30.15
100621.0,-0.942286217006212,0.88715715039469,1.94352866583935,1.63798728265519,1.335502929076,0.992761621409375,0.433956327256782,0.0833265285604934,-1.68830165569224,0.638763832564827,-1.10591229874772,-2.93648921553236,3.37827933370977,0.854815735529493,-2.12675352474963,-0.259286599044236,-0.37555878760134,1.40564881126358,-2.9064997820549,-0.400483233912349,-0.495364098591563,-0.894570355392062,-0.292896119601758,-0.0915180880119838,0.711198391874753,-0.0881820115370887,-0.0151683553665054,0.06484805488503,26.29
67890.0,1.19794901470454,0.343805812348603,0.287047476606329,0.64166992982614,-0.114202611951628,-0.579018266315734,0.0797227614071539,-0.117484521711251,-0.105815775386861,-0.356532781825789,0.305637689793063,0.789834750972494,1.09014920956316,-0.432960604893659,1.25008462643411,0.145793415838969,0.22286450500784,-0.854675287277338,-0.56531721626218,-0.0392553899699527,-0.244869664439471,-0.647598626912842,0.14103249991565,0.0585057222028525,0.170133438490181,0.120287010369769,-0.0023703403933742,0.0307342464648321,9.99
53151.0,-0.472361944225176,0.656905169203543,1.32326751309316,1.15559647003085,0.32512078193961,-0.405284908699292,0.649749818391868,-0.0665712856497998,-0.669766414897895,-0.14418136743789,-0.944354619631034,-0.383453334263964,0.045271804516283,0.31664361242241,1.3424310214971,-0.120371710874138,-0.297260728113746,0.332226162769382,0.872966244994164,0.239819811751493,0.0813778728570141,0.094842601074705,-0.0077429774559882,-0.136816261251081,-0.195250975932623,-0.323272297547996,0.139540507843051,0.157632774956131,59.7
6672.0,-1.73805904100638,-0.979683225663965,2.14850305216251,-0.744642181003835,-1.01351412830545,-0.329355341614604,-1.22502077036471,0.53343823116452,1.05885964101853,-0.892852208816723,0.319394008073122,-2.20981220489393,2.00817593917125,0.392431758296017,-2.45458763952291,0.4013991793268,1.90719914009677,-1.74080281098878,-0.515873552031905,-0.230857187360069,0.199716269989958,0.881333838798747,-0.508521717187833,0.663110882952789,0.174252031823417,-0.205664068077496,0.0023723621905906,-0.35871475254938,67.43
140536.0,0.0086583372507798,1.35027068123946,0.812989303764801,2.86914431833139,0.897271056962196,-0.0799429344140766,1.03395924889218,-0.0765819071381872,-1.59736096642494,0.771679306311354,-1.4229778699644,-0.420812911573649,0.22110080750788,-0.0092947213128181,-1.28322799564559,0.655656122810892,-0.827774040307662,-0.195771142447448,-1.91341732761508,-0.232998361415854,0.37474645244602,1.14114786023966,-0.258326656320139,0.0033734047313186,-0.0389990526212654,0.170994247405847,0.0443836431585605,0.0432665138709039,10.62
35418.0,-0.874285642876457,1.20119854491379,1.2514588434056,0.917528237573187,-0.249699155486919,-0.323823195898948,0.502177311021601,0.301541075407186,-0.798667077965954,-0.374938712790136,-1.13317833490137,0.764029411175522,1.18282253404517,-0.358837569789925,-1.76045076326364,0.380888687986277,-0.260390984361786,-0.770594725945089,-0.968473064489711,-0.224745110304549,0.100177258029644,0.302694625893954,-0.018184825004536,0.486990270471982,-0.524796530334279,0.721891750265182,-0.149029632013801,0.0912907118892231,40.15
150451.0,-0.065308579222949,-0.808773342188516,1.829013136304,-0.450300353533288,-0.906837033881957,1.61947221526097,-0.440664078652585,0.514711245346693,2.16500923227812,-0.669834159489842,-1.54774750196919,-0.581114972223036,-2.41566840397812,-1.05446727471643,-2.2769782927883,0.430072982852792,-0.627523106763452,1.18094297656966,0.727592648296755,0.0243781917167988,0.110954281790017,0.667545109194264,0.0155406221130684,-1.08692190237876,-0.59174451298124,0.688494445177058,-0.105564099980055,-0.182886228064794,116.25
4526.0,-0.626409796561317,0.632560099740918,1.31690383053507,-0.0415720435686002,1.62009998266048,4.35340908288087,-0.964568183151952,1.00905654270967,1.08647834058435,-0.30034822168087,0.803613949607189,-2.94524938238793,1.98038095026664,1.2808900586678,1.85332227398102,0.369865133433568,0.183910120833902,1.49895496653026,1.41706066072131,0.272791998067337,0.11054872891064,0.423075114746642,-0.252885711000852,1.00749216139743,0.0377541520427846,0.708637164906716,-0.183620669153459,0.0875724070852349,11.72
117238.0,0.0731382634479078,0.838664512626922,-0.0960530573299022,-0.947084358106474,1.03104263799904,-0.205600136529177,0.927365085511095,-0.0339495906527205,-0.338789279153955,-0.259410990728741,-0.0211475626920314,0.861013273990336,0.800694336419061,0.109112128605032,-1.10559445699271,0.367439239588011,-1.06961844882468,-0.0063513633030047,0.585551790495775,0.0480409964989512,-0.268347588645605,-0.589737240497333,-0.0796594321603006,-1.02471560894539,-0.36012222925065,0.18176445540712,0.246915656182208,0.0783747723837594,1.78
123550.0,-0.698370013057327,0.560528989004724,-0.106866358441911,-0.516067184662047,1.7907034462174,-0.515475142831843,0.581168918380961,-0.347205545067729,-0.207144733149305,-0.103016647318056,-1.3118609178602,0.738515580607394,1.91550413105207,-0.279079090333118,-0.19851900508119,-0.17480483779713,-0.64197255691384,-0.637383466994839,0.834396406410646,-0.296751534462823,-0.232203696702145,-0.419407170141678,-0.241509940247829,0.120491178321658,-0.943418876896083,0.11578756643026,-0.0581916111001605,0.140236747488149,2.5
67721.0,1.23732242241178,0.243815008776127,0.172439695809657,0.505730193974084,-0.215365858412307,-0.574753568550438,-0.0732641613452683,0.0060475143321873,-0.0942862372876865,-0.0917598546909131,1.21008280851849,0.427180311508834,-0.526622775392813,0.0334776323045014,0.497525593740778,0.806319058427193,-0.335907679572088,0.39411570261868,0.22201150221531,-0.106397496229545,-0.266507086635041,-0.838153936408804,0.084792308358834,-0.0623952966462547,0.206152085938657,0.100143594610232,-0.0319826244344257,0.0156131566153789,1.29
112715.0,2.09692285797977,-1.029668242322,-1.77287216908649,-1.1692363682468,-0.159513555232839,-0.432954071844052,-0.363974026020811,-0.229456042860312,-0.705064561412276,1.0057854168382,0.123004700302723,-0.225610673353401,0.44327672867727,0.127210916710389,-0.263751233682705,1.43434169287507,-0.516377493219264,-0.410632194192458,1.06950139150126,0.186992995653261,0.478810312674779,1.19738112919632,-0.232774420782612,-1.02826679969202,0.277468509730063,0.113805467341009,-0.0555487893412653,-0.0710699645017299,95.75
152461.0,2.11565037710219,0.129228564097308,-2.19070951171243,-0.145327621898504,0.735043725680275,-1.27112417615204,0.758680680972709,-0.49428631900659,-0.141105564244776,0.169480942869638,0.853039534595558,1.21060783991905,0.617514920677761,0.842506490663288,-0.381778363268785,-0.370826436520631,-0.684979724468325,-0.0180305623625943,0.535234561871467,-0.172541317538848,0.183254044326443,0.679319627214164,-0.112190890612478,-0.326882780849215,0.485225209130442,0.242509748560026,-0.085663830952741,-0.0911664174090428,4.62
917.0,0.993541455076417,-0.644053856355902,-0.162859707313937,0.25753062855511,-0.243340235797149,0.223657638672881,-0.0513575084456256,0.0956605756644234,0.54021211106789,-0.149014072350764,-0.161528938240032,0.192820782533805,-1.03627649641004,0.308219956783135,-0.621459750875912,0.300266390314734,-0.526463958544828,0.283190389911394,1.03995427945743,0.176833230317767,-0.187523162271507,-0.783561225992751,-0.254810692488422,-0.814395908711698,0.437742614311557,0.545135614142006,-0.081211142493369,0.0106835166016075,158.0
80193.0,-2.33050235366252,1.87542751611182,1.05640234085692,1.93434667947027,-0.760417992494188,0.531396785746828,-0.734146948920995,1.44982164168307,-0.863937605554913,-0.196848503863056,-2.29247105973542,-0.0730856037106765,0.214756183905676,0.339391925625309,-0.572171764039399,0.898565782707068,-0.112971576681926,0.409154647413166,-0.332493094475131,-0.276550729765333,0.18739723860145,0.240621842935702,-0.30451445174816,-0.426271736828198,0.658262836236254,0.21917288092188,-0.460472276629284,-0.0811454595366093,15.21
120911.0,1.9756886896531,-1.29386243500619,-0.577878760073419,-0.634906689227706,-1.29110905166802,-0.721043704731491,-0.819663572630447,-0.0723371861733236,0.33692759749264,0.632371580643008,-1.08135460162219,-0.904613241679401,-1.11343892312932,-0.252194154185271,-0.269093666581194,0.945802561068579,0.486176656318358,-1.75920570009071,0.846244485769706,0.0486099112510096,-0.169992613132956,-0.66518028927587,0.359317674214026,-0.148276716175516,-0.561060641605174,-0.570778318548957,-0.013023707313026,-0.0311250444671477,101.41
150498.0,1.93158416656575,-0.445098788921975,-0.350842770226509,0.298366932090848,-0.453154794863431,0.203555834271158,-0.744954842542324,0.179749132046932,1.13324707143497,-0.0243537946341158,0.835444136088978,1.37414310281427,0.442556461024083,-0.0885029759141515,-0.180745842469033,0.211644253665485,-0.729248512009908,0.580764315697203,-0.0169559351378885,-0.161485845790859,0.252117087710685,0.935502004159282,0.147748506433097,0.739630250016379,-0.113392696102629,-0.264709826836661,0.038778618467797,-0.038807895159469,9.99
153876.0,-0.696715351555286,0.804657893608783,-0.322602722791315,-1.19732491249632,0.865163380974746,0.304818644859511,0.378991950991013,0.603187768422569,0.0642637319285842,-0.85746389281768,-0.535079238747049,0.593063943298826,-0.281101990115806,0.428701486251764,-1.47392614835234,-0.127833259551117,-0.516725832963344,0.50957635153119,0.644925005476206,-0.0579590027800992,0.181292091411656,0.646681140454341,-0.311965345588292,-0.154987828118042,0.0405568890583786,0.136053463455598,0.259723423329469,0.13755153712199,10.0
150854.0,0.0626276388825214,0.883758000393021,-0.177729143601725,0.0077892559946159,1.37374913653756,-1.16563638925602,1.749138769417,-0.548850007978542,-0.184600053057015,-0.309724835666926,-1.39598521411225,-0.366684559965879,-0.946106186778652,0.326500090997157,-1.33825225090973,-0.592760004833019,-0.591572047516956,-0.49534434040131,-0.945619579986017,-0.306356586333154,0.157300382038248,0.758282381813569,-0.186111192137324,-0.100088961031268,-0.552604256735725,-0.80713521595029,0.0711375303955499,0.0225593117558066,4.66
68506.0,1.13427511805943,0.111014536528005,0.277080061128595,1.20680538040713,0.0410634102949915,0.328234567280273,-0.0533308055945203,0.167312210962694,0.0948667477958639,0.0502110601339467,0.82139016279883,0.963285849226117,-0.433307124518742,0.298814964598116,-0.739421287423453,-0.417247435634023,-0.090642575312329,-0.340665101419622,0.0457521886378105,-0.175108742688416,-0.0715867183584282,-0.0299034052727146,-0.116494818778601,-0.294711286187626,0.665613593874873,-0.309555682240227,0.0327952927006526,0.0028874788360302,13.84
56650.0,-8.7620833940977,2.79103028235041,-7.68276685719257,6.99121396498416,-5.23069545140333,-0.357387950702527,-9.68562145610769,1.74933494530821,-4.49567886484426,-7.86450647898838,4.77414774007074,-8.24589788162945,-1.33349186005079,-7.97425052332349,-0.39879894749855,-7.24434047432354,-12.7600939511044,-4.82474022298701,2.83699299496563,-0.460389538640294,-0.0905267878788197,0.34858962816605,0.0511323900482543,-0.41542987238242,0.219665266254896,0.330020364891881,-0.0282517554687547,-0.156270272972183,7.52
118040.0,-1.523871997969,0.484636536159225,0.931615957185882,-2.51944538532436,0.111912563026946,-0.0794614682748627,-0.0833031485500468,0.355026490330755,-0.467622529433076,0.18889327164567,0.598920163747695,-1.34820171270276,-1.56332290774943,-1.58079506611766,-0.646593750920944,2.17673497573289,0.503245505593516,-0.0885385810476514,0.278313900203679,0.354427831399006,-0.230298764810423,-0.649537274825419,-0.104675231140001,0.157919483476701,0.563813344699051,-0.450473164837085,0.315376304143039,0.348968494443598,10.0
60422.0,-2.09536365876054,0.919602864892029,1.62137486268749,-1.00639930396537,-0.840757137827272,0.66252836962291,-0.70534984007078,1.42743425093264,-0.127974560797386,-0.925730904157054,1.1773577028973,1.27940299601714,0.131090642272334,0.297156168903329,-0.104488612990659,0.342316614172026,0.190139743361965,-0.54685666250688,-0.906891004366747,-0.0243185902751942,0.085032950987284,0.231453508338494,-0.0183590714611786,-0.218754696727202,0.0921624231907818,0.948127756372675,0.151568703502205,-0.0359007506999018,29.67
82419.0,-0.94167432473698,0.887613085299628,1.29423161169623,-1.04025770785101,-0.533292445546636,-0.671746627316003,0.165692144332855,0.53573224380528,-0.0475048701323925,-0.902303772658485,0.775476440570079,1.18696541006064,-0.161284289854464,0.0980709826078713,-1.8379034428219,0.0823417750824228,-0.145348886300798,-0.190675544220979,-0.063067374515612,-0.118315389347094,0.0532365570954911,0.298475775964074,-0.126077896725344,0.621692420097628,-0.195974795589449,0.871811476965731,0.155338133680057,0.111105204920856,1.0
156645.0,-2.92202095624279,3.35606735726439,-2.05082996568315,-0.605399797029665,0.0793691764927408,0.924583720248047,-2.45025346784674,-8.28350243059817,0.29082404923746,-0.274700169829691,0.471774724315468,0.774733360350573,-0.904966351822132,0.0595116146238077,-0.16232100422552,0.488027271612597,1.07375510322325,1.58364581871325,0.0472371670244304,-2.05539875456857,8.82799301736547,-1.66168013247185,1.08122501733298,-0.708028239976611,-0.651496470620148,-0.147036711925478,0.550893367307954,0.276902685449453,8.85
113615.0,-0.315318862697635,0.971821023601727,0.393685837815145,-0.700989762805984,0.637649873188456,-1.22395260707284,1.1969197802549,-0.361325290580159,-0.206901554510659,-0.658882575636588,-0.922337073089368,-0.108420571845228,-0.0691507058036736,0.376884546227701,0.308295754950977,-0.273207830939699,-0.59128799858696,0.097510777218492,-0.318642214736584,-0.193883847546893,0.360988041960748,1.09268161194434,-0.315321864241323,0.0838891969069703,-0.0336986325272333,-0.189760200644745,0.0207360261185812,0.160978838507811,1.0
113980.0,1.95805541554302,0.286332482507716,-2.52967502895538,1.45974385507843,1.00193782326685,-0.799036991970395,0.649964528539348,-0.260847852250939,0.315943660512403,-0.349230134176427,-1.01727304053758,-0.703460156033848,-1.38624418447213,-0.771678388808557,-0.168670732900072,-0.0778334249235113,0.959310782918734,0.284803732618872,-0.323403954443042,-0.192946768564187,-0.0433507279579856,-0.0807396846766354,-0.0570257256843542,0.260929410502595,0.464846899523959,-0.504522044308892,-0.01821138598546,-0.0194092942697168,55.64
48000.0,-1.38376365438879,-0.809139132383493,1.71850121781372,-1.50121825333677,0.0809640018356104,-1.24542669376245,0.196919239969649,-0.016326092240454,-1.85804730893823,0.0691645519584024,1.14299495179584,0.261738512605248,0.0316233846595829,0.269154307412997,-0.408969164692208,-1.04282814366472,-0.396655413857794,1.46370317422543,-1.05472673769271,-0.0284100133602446,-0.145307411977954,-0.496608896086851,0.144089593276557,0.550861433741555,0.30522499497758,0.922950939941229,-0.117964435093179,0.0614437498829081,105.4
119046.0,-1.2650353059589,0.0968113412425373,-0.459097533530748,-0.561207256129056,1.35927297027329,-0.819931847629647,1.49657892394934,-0.450009524563864,-0.174650138473907,-0.322638509614394,-1.16983842935707,-0.141929316169228,-0.171911180839034,0.157091545818137,-0.727485992501131,-0.521340645293657,-0.273412257129663,-0.710942486347605,0.132347376442594,-0.624450985285363,-0.0525951175276063,0.40081243421613,0.488620449416017,0.663968375092256,-0.0485716471151106,0.442264095345169,-0.141646893915735,0.164988420022791,55.61
76368.0,-1.6640826940889,-2.07552877597203,-0.019805822026106,-0.774786709728325,-2.76803842321914,0.808134100600187,3.61437426482547,-0.539538888384703,-2.06965124485234,-0.634151173145566,-0.844468364359731,-0.0176564761025986,2.00854085673358,-0.192385183237162,0.529835888214665,-1.11274831752498,-0.355359191818124,1.22032909001212,-0.537098347377456,1.69892217594876,0.047756249044448,-0.976536081076876,2.15282809496061,-0.193979185383746,-0.187158467242523,0.72795038370481,-0.244752783364398,0.198465513224186,924.27
2927.0,-0.42118466417176,0.566109596701097,0.944037742949938,-2.27298670861401,0.531675037453154,-0.531562907257668,0.950070074521677,-0.105967552515261,0.673323148277735,-1.00892800041155,1.19031423351667,0.606196072891763,-0.793038758280155,0.390210509593983,0.517601398739619,-0.554994019837794,-0.633596763837185,0.262586151189023,-0.0409867053762102,-0.0137508057346442,0.111757259488421,0.676770259919282,-0.313789272162967,-0.322596623594634,-0.0032399922770587,-0.804754346399422,0.24762992879561,-0.0317899441388134,1.0
67943.0,1.19524405103531,0.218171321854789,0.854060864738558,1.25275867694297,-0.633149553333194,-0.613816103404477,-0.212199015704622,-0.0914263389734531,0.216665181465976,0.0263705816215817,-0.401320655650295,0.331024916135871,0.447842148906278,0.053407449571435,1.16991877401493,0.418196575303667,-0.628440855858218,0.189825886630547,-0.642229371754351,-0.0975309071815719,0.164868393405074,0.537410018003692,-0.105825680509467,0.408536998422063,0.55980396653943,-0.25328161503792,0.0438707383160176,0.0325195870305824,9.9
26169.0,-0.777675029838828,0.997944026190798,1.20773050416042,-0.267942943591064,0.430434682274146,-0.233915935644105,0.789600765947979,-0.0861981145702534,-0.228017861815287,0.529381714247376,1.46324760724765,0.383044288793788,-0.49212108410375,0.198267309564711,0.312626884192316,-0.197696792703638,-0.429591730137541,-0.113722954928937,-0.156010930801945,0.210953297239245,0.0809312380286962,0.547857160064504,-0.156493256475734,0.0384316755044778,-0.372359055948045,0.285368385348624,0.159971237521834,0.0499303005497616,9.35
48092.0,1.17793337226677,0.331123353282228,0.41041495282459,1.14708535547816,-0.241888336276447,-0.690829021487574,0.153498026325438,-0.121458181559129,-0.0539104845514265,-0.0315297090021672,0.132844718518039,0.419681569477841,-0.0097689025458911,0.42346217489017,1.1390668925706,-0.342831555181476,-0.0322780660351387,-0.716783126098039,-0.853105792580229,-0.182321592588107,0.0775592250319184,0.308125111819639,-0.0305557816944335,0.401838074061929,0.573161320628239,-0.318588673297067,0.031197509781695,0.0202962203833686,4.4
47658.0,1.47080183464418,-1.17895011084862,0.309906116850206,-1.49365161061917,-1.3770940956145,-0.424619533341607,-1.05276627896621,-0.117825584836653,-1.64437394669385,1.40194413868581,-1.22644579096423,-1.27027130801602,0.399653751691493,-0.36350552556809,0.853385339625789,0.0759455664926568,0.137861905950828,0.234644004145369,0.0640197197267309,-0.219351623443255,-0.39902495627706,-0.913546011479767,0.0381687278239654,-0.506589054898748,0.216715679154833,-0.362360594203913,0.0312013040991427,0.0289250777429217,60.0
171162.0,-1.23994427474348,-0.452182220130358,-1.37421742199726,-1.20855854333416,3.1261933726765,3.38047668231998,-1.53975406393219,0.129587414587044,1.19792839071132,-0.199963870258946,-0.0488848107633802,0.0355117277088607,-0.0575191784579503,-1.4796468620211,0.709517513617651,0.943378112134722,0.0022581015409259,0.477683791729141,-0.769655054954509,-1.04673014491677,0.785194758132931,0.311419403467799,0.0199198119225445,0.675951269945189,-2.56172771778607,-0.0043897954309912,0.246261560614611,0.360032567242287,44.36
166191.0,2.08188923216021,-1.07689527671021,0.106031344938711,-0.356193609092085,-1.33952896250385,0.30776965367431,-1.55751626147418,0.202183867871191,0.73449283206712,0.617710077223961,-1.47835852664374,-0.0107592703365125,0.565341082308439,-0.591750040484294,0.961819573738411,-0.822531046634869,-0.628700776509767,2.04750357250582,-1.11131828774885,-0.571371644443363,-0.143834150960866,0.239319569745555,0.278651364063845,0.438444408455889,-0.412527846860633,-0.285053189476362,0.0937150363707962,-0.0135786815773235,10.0
44556.0,1.34446355479958,-0.866911050795755,0.627910311020948,-0.909773445370761,-1.15716066029163,0.0476770690324486,-1.17440081717668,0.178582419238268,-0.468994071620045,0.793813234100883,0.490174388633865,-0.688979944268813,-0.510402283277842,-0.119621513939643,0.573862380176909,1.9604901207962,-0.443290882474157,0.0240990533848036,0.822315994231412,0.118106163965989,0.382660344812097,0.933475097045687,-0.226972259211491,-0.476903897398489,0.468628391705433,-0.0147669032740145,0.0225512787581681,0.0093630985100231,34.99
41768.0,0.873553941009571,-1.37751021440628,1.07203129318284,0.898335056199892,-1.37767734218766,1.1341181119011,-1.04950509839334,0.303593246528786,0.391174678156379,0.30645706157889,-1.74332056201875,0.496823246907654,0.582594013119008,-1.04298111816545,-1.09304763035534,-2.15804820205749,0.552883029565036,0.941659626723935,-0.878165967036597,-0.188112036138337,-0.206446493695106,-0.0208600286360115,-0.294525977933785,-0.419986418387049,0.530461547583973,-0.0953143171911623,0.102469833198419,0.0613929441495575,192.08
41991.0,-4.56634156694274,3.35345148012501,-4.57202780762531,3.61611930403552,-2.49313810882875,-1.0899997127127,-5.55143306976649,0.44778308394893,-2.42441402571208,-5.69992228265959,3.58682418337431,-6.63622904939297,-1.1281764439465,-7.24554959537009,0.638325536245456,-6.85681003898144,-8.85187850534679,-4.5918832274368,0.936939858866071,-0.249127726683026,2.67446587862872,-0.0208799797343963,-0.302447083877198,-0.0863964000107124,-0.516059779833395,-0.295102234035121,0.195985145691014,0.141115102721758,1.0
25362.0,-1.1925467001019,0.715833372427566,1.55615330591986,0.620500440358398,0.210861437090318,0.0483267131361571,0.881362430081939,0.113031737938419,-0.409085390549753,-0.183695630327529,0.428334261319583,0.309464774601964,-0.846312030087621,0.175002282121728,-1.05110458206025,-0.230738622129669,-0.303313926327819,0.332602722050891,0.63206228345591,0.0753735499243299,-0.0886141740544993,-0.114110368218701,-0.342898352899674,0.006336143067856,0.712229820675553,-0.297095557991804,0.192253157143175,0.129073512229236,92.0
113097.0,2.06239657649625,-0.153565251566022,-1.59453800086854,-0.005036841024359,0.344404685625857,-0.420631811438667,-0.0073585382736395,-0.0729896060475894,0.65509925454881,0.0971942092447552,0.486596856888898,0.377681660286852,-0.883759211222435,0.833015566339701,0.326149338286295,0.0765165629950575,-0.875961703933148,0.83443883505854,0.243810429329105,-0.263071302074022,0.282587286708043,0.883002536346847,-0.0310931203779778,0.349416331764087,0.337969974306493,-0.44687856847862,-0.0066708064851213,-0.0625955777692636,1.0
171924.0,-0.731471993593282,0.674122001113288,1.59881928175873,0.519904565286081,0.35508205184121,-0.130190306763593,0.625224799019672,0.0775599225188251,0.3679619500439,-0.740327642377187,-1.59672846868343,0.0627679578724391,-0.780630547875046,-0.294485591234405,-1.47091714001366,-0.496946316734494,-0.0519738834398458,-0.734423877996827,0.131935679696046,-0.246740882514319,-0.448804070291168,-1.14932124575399,0.0021282866374364,-0.175474297879524,-0.268457831360378,-1.10700884348826,0.0510249603297263,0.161580309357169,19.45
142421.0,0.138652368099807,0.315119584003622,1.13575394927867,-0.464239017461355,-0.185422310072974,-0.204253030112642,0.0951623723162537,0.110973959493897,0.539018252996625,-0.669972484056558,-0.790849055612177,0.254314694186015,0.228439906740479,-0.425208694501154,-0.0553298428074583,0.213117620856305,-0.456029467399297,-0.0767115688489787,-0.689937277825689,-0.126270098207423,0.256237713982377,0.861205600389302,0.0205017375178965,1.14155044571355,-0.531308041828722,0.44173695755738,0.0203278531642275,0.0159780270644873,11.5
71953.0,-1.52467618901404,0.478504590148131,2.56043534010368,2.77727049932642,-0.0874484504719865,1.61551958492919,0.373877994335604,0.0252472936815023,-0.834204831379619,1.18922113857578,1.08862588972772,0.475973421429613,0.707746649690899,-0.582813261042858,0.57420601007153,-0.0122652101326669,-0.200878498840369,0.307212337049833,0.999966402673799,-0.120257184291275,-0.0358503450552432,0.445704715727282,0.105512395925848,-0.270777043400983,-0.0213760414856334,0.209390616273472,-0.5046075014863,0.0390695225967756,102.69
30198.0,1.1680520500969,0.247527351793437,-0.221601102382546,0.754721293707065,0.70244668844058,0.603825515610732,0.20275900486714,0.113430244042526,-0.424868920746488,0.122315708126036,0.512316549586859,0.892630215980568,0.610978492117169,0.512410943277011,0.428905264692168,0.436826407495955,-0.90372716557456,-0.267791027276493,0.283374362460807,-0.0143685261643356,-0.454455887658535,-1.42055053922996,0.0360016694432692,-1.413635480508,0.33099316623392,-0.745395605973341,0.0177982635530279,0.0097777864469971,43.4
65608.0,-2.06070486312779,1.37624513930586,0.550921747337153,0.99939175061714,0.0155646030800164,0.389334553935154,0.249100194090549,0.517108305081766,0.51751996292609,1.46293760736998,0.628259937812445,0.161945632268356,-1.39183585134482,0.208101612570674,-0.212052607075548,-0.876460884358511,0.331743686698676,0.0058025813764356,1.07337168474001,0.280489596138416,-0.229637197820883,0.176123946268749,0.0511966856038453,-0.326481405624445,0.139102297445696,-0.220725888578974,0.482447622722066,0.202289327160363,24.81
139255.0,2.2816335643714,-1.19175389524752,-1.89635953183198,-1.54592404773178,-0.700444443530412,-1.28929341970475,-0.352229668743736,-0.403575512967584,-1.96863921521955,1.84762518695501,0.698419558923456,-0.499485941567028,-0.59902875183477,0.39990977361073,-1.35529886652752,-1.15320139914574,0.685296621381822,0.0004315232321297,0.239602477013193,-0.485598727932497,0.0207462692978417,0.531779779671011,-0.006804561769806,0.030384266119474,0.299880567023404,0.0918443245382426,-0.0539010103278803,-0.0856265819549125,30.0
70453.0,-1.02434402564039,-1.24001736748642,2.38949054766069,-2.12605578168768,-1.85394104327568,-0.160731421790396,-0.0812438674390025,0.0082385480046381,-1.97754598565654,0.341832172429624,-0.926334088706369,-0.869291832323863,0.939077619408953,-1.08515963681058,-0.408736428608117,-0.156407405744071,0.311045047225404,0.441782659492902,-0.848020194953518,0.240903794418956,0.146449945949491,0.445875541347027,0.220653078804553,0.382757155411229,0.474557843073172,-0.137772493869879,0.0120429538449207,0.0922829212852304,224.0
171445.0,-0.544444626766577,1.3110340556892,-0.164651988703432,-0.595658269721552,0.107385702738999,-1.18398282128822,0.705941089702236,0.183763840563008,-0.137809525303318,-0.350948731429195,-0.912296198410126,0.717924743970894,0.838724632807984,0.206185158761029,-0.509648302444067,-0.0279407922867567,-0.290338947410798,-0.822419583760918,-0.127325727451623,0.0305870255313063,-0.239238717184222,-0.541107290933225,0.135477716542756,0.0559828661992037,-0.386771239459349,0.142395185580365,0.235857508239638,0.0943971407348322,9.03
55407.0,-0.902820050004819,1.74439658734868,1.7277716971395,2.55166875662319,0.221096002750267,0.410087299887642,0.404483968011613,0.212961987537414,-1.93763192745318,0.946264515039744,0.97833864576593,0.597004603624674,1.0853003861188,0.307946045025757,0.508616601548926,0.159539907034551,-0.332914468759292,0.657082754660833,1.21344431090332,0.176188138997142,0.184812894022117,0.481798485859139,-0.383801582104434,0.0379041425284693,0.275599946345504,0.300108926428963,-0.488075323531903,-0.211380979723829,2.28
124151.0,-0.264227908342373,0.504424878802935,-0.51568299455078,-0.874779358775712,2.13662449605386,1.08675110044441,0.962710166544899,0.30920506028324,-0.397825513832032,-0.76480163518263,-0.379798020647543,0.135773666186251,-0.536212680799059,0.526438848566501,0.179912646816573,-1.85386732719666,0.982632392250373,-2.50096521180576,-1.43046246907777,-0.271213740787901,0.252953792391702,0.951374160859091,-0.014638577923976,-0.624359578523049,-0.741253188710222,0.567595230829181,0.182863750198278,0.187834704636455,5.0
163016.0,1.97370142593809,-0.437342220967739,-0.466013887954489,0.141490084918359,-0.57658897260277,-0.24558879754369,-0.680047200503014,0.186633595049383,1.34089154337635,-0.01579860457616,0.391065431151575,0.204065579812676,-1.58161366909266,0.579933045436333,0.621710569564113,0.552433815082205,-0.901788125551722,0.750221853873227,0.232243940527866,-0.334733139773871,-0.106265501417471,-0.272780484988932,0.318541279610955,-0.570540214723269,-0.414875470708067,-0.908180352921641,0.0474869474690444,-0.0452407550243174,1.0
23094.0,0.965068011048748,-0.625201432632735,1.17050207679916,0.294082204500883,-0.802384542589204,0.937260989172856,-0.959643940405493,0.414148618063519,2.29755778065253,-0.75526837179438,2.2127393026968,-1.35400494285416,0.957915582659875,1.25494384600567,-1.16713262408416,-0.510359875379764,1.22195289770105,-0.697414962651445,-0.188081087996832,-0.0834627757022892,-0.245596005588121,-0.331661735527447,0.0924752538092443,-0.272799845311273,-0.105309623820728,0.940655525659428,-0.0462527222192026,0.0005800028373851,70.0
146592.0,1.92311131809168,-0.455853562896706,-0.131414671453736,0.200392136539715,-1.05582037812652,-0.905623418829195,-0.58857635812114,0.0602012679461921,1.16544064763106,0.0055961346398829,1.22520874971615,0.695267801282011,-1.42332582153285,0.488316491972396,0.0637553469454324,0.273915990971427,-0.45461666561069,0.117953180505142,0.155852951338653,-0.307052125529285,-0.167111017479613,-0.444423306479858,0.482740186683644,0.479775494730956,-0.661205902997474,-0.374909294679055,-0.0068955180750669,-0.0443041970888379,5.99
74396.0,1.2247375361139,-1.17177325885365,2.08847711461412,-0.0596744269186677,-2.12937866309988,0.700970465635633,-1.87373587074493,0.404237153022066,0.926565296330153,0.129560044459531,-0.717580028511056,0.567366351073095,0.69568675757292,-1.78829107506375,-1.54217246263022,0.0848492575806612,1.3263164619954,-1.83268586325002,0.494401216078633,0.02778709499072,0.317371797460913,1.45366649676864,-0.101296522347172,0.518803531410974,0.447184140317425,0.105578033461129,0.129357808580881,0.0306573713439179,1.0
19975.0,-1.61824331710293,-0.569680562400522,1.73938434218233,2.74240372185281,2.15413268727014,-0.277123922059663,-0.225092211124982,0.130079891710852,0.411715060541913,-0.31650408806928,2.10829807433593,-1.89469801232089,1.64519594397894,0.0697487342129933,-2.18895937896431,0.0808568231701112,1.38315153627105,0.487885478240817,-0.894940862980635,0.507273485444889,0.0374399516143535,0.124660461930132,0.272494345812184,-0.135200705214201,-0.279862078260931,-0.0862562124695892,-0.0939085859892899,-0.0227699833783717,75.08
69973.0,0.540095537684814,-1.74475275018712,-0.0225519242236121,-0.0145665087849932,-0.567651742566488,1.5044126860834,-0.458017855400744,0.417064250610078,1.18068915736984,-0.463370696226325,-0.598590997812858,0.221184562872999,-0.839608371084972,-0.137016825006463,-0.46075211360654,0.386554461305612,-0.383685043447986,0.178221281527454,0.938815247272331,0.633137961795887,-0.0591123206773225,-0.785352039306062,-0.425375106189207,-1.63449976576953,0.0934447936432839,1.02620385272724,-0.0994465147901512,0.0446381592469986,374.09
60126.0,1.21487241060553,0.307969625075775,0.278628885051056,0.64298127751791,-0.185160761562376,-0.603602499369191,0.0068812511899125,-0.064238913970223,0.030872046281597,-0.325988092857232,0.152765124678328,0.313114992639154,0.192869623565531,-0.256773923609088,1.34720879876393,0.18660663416342,0.2737765011319,-0.746653387998993,-0.556363655876373,-0.115172395569298,-0.260681520410401,-0.71614803185825,0.159803767026284,0.0335164612831878,0.14316968939337,0.124258956919504,-0.0065060525983786,0.027226191624611,0.89
40086.0,1.08369268125484,1.17950120574809,-1.34615039129229,1.99882440095464,0.818034176163642,-0.771419407716543,0.230307373480955,0.0936831311994367,-0.167594341704434,-1.95980925751416,2.80433477984687,0.312424168769405,-0.595976467281167,-4.66257695501824,-0.299515020029103,1.00141391934549,3.90282478361756,1.61960922680862,-0.888087464222472,-0.0601585380014646,-0.311999618117422,-0.639699711353317,-0.120249014807271,-0.180217694458199,0.609282565276013,-0.339524442352566,0.0967012906089022,0.114971915513805,1.0
55786.0,1.15963629648693,0.206907837430177,0.30723517944566,1.18901098020209,0.121362426242045,0.341644944291085,-0.0189518687241946,0.12758947182779,-0.0183728507146557,0.0339323453076294,0.950449592160287,1.3658180899611,0.322267441073775,0.145083752436432,-0.82418720021847,-0.454490811122088,-0.134330908000859,-0.436276631448914,0.0447363745774963,-0.152700170424165,-0.0706532750968749,0.0389407042252725,-0.114274252881552,-0.274620485233943,0.695970858171689,-0.310725922110755,0.0401757118480916,0.0022794546394537,1.0
153046.0,-0.754933939124322,1.11768500323475,0.0180181824013951,-0.673217391288279,2.2079620663105,0.935197403005908,-1.10520317087382,-2.11086684955444,-0.244066051146618,-1.03126087357724,0.0248822729795163,0.887613958724278,0.881050113196234,-0.81721515722435,0.763849844433847,-0.508498956716313,1.38602917336197,-1.74809863610416,-1.19045697182065,-0.574946569292637,1.9150676095621,-1.97350203070259,-1.44905864209821,-0.579014632188885,1.13163327042106,0.507647211605696,0.183632802267844,0.196676175065234,1.98
93081.0,-0.947770869616522,1.15049022310099,-1.0710513715286,-0.772602229009907,4.34771148418175,3.12683145906952,0.904930354540705,0.738577842634258,0.220991306931677,-1.83880649610974,0.9128175936621,-2.95425024543391,0.883079109299179,0.536632066497874,-1.30630168192341,-0.137233927325195,1.42097154449296,0.346132722615172,-1.24126763308293,-0.0816951591636958,-0.174816231835716,-0.375805772318648,-0.595504417040942,0.512291597844312,1.36816071692825,-0.470047266603641,-0.0067918722435098,0.0585915749987981,1.0
79247.0,1.20245616178177,0.111755462509529,-0.256302462121102,0.130824346097705,-0.134591291712558,-1.36108498123484,0.610393330587666,-0.490049415683451,-0.359926454179781,-0.150379283525509,-0.0068226156251769,0.882296402901663,1.3826371004088,0.223060429598105,0.61833136214349,-0.147899415663925,-0.234060176930595,-0.845294971806989,0.0899394775482236,0.137621568753911,0.0054179324939198,-0.0359609439015377,-0.156661126082101,0.520868883915699,0.573498793873345,1.0588379206547,-0.116647679815122,0.0048555438947645,69.95
78807.0,0.634551164325369,-0.667465668077019,0.226640454418473,1.5321731666125,-0.495972804321912,0.0917470625812936,0.248243216142353,0.0928330821592687,0.092973967193002,-0.0496172986852993,1.23110958399288,0.930065217034972,-0.897322130992617,0.467332009324938,-0.703818468414199,-0.522201393418658,0.134123757218969,-0.415481914476472,-0.228763548342003,0.267317979750344,0.103610661505146,-0.0907175662779457,-0.257016704343142,0.225889881253747,0.492453855253458,-0.366056509811821,-0.0142719742696535,0.048885479471367,252.84
122458.0,2.02041458824958,0.165883602906123,-1.81194085060291,0.346688888409557,0.406871143527544,-1.00287020962162,0.211884730847219,-0.26081608755034,0.273045549886001,-0.321912513306223,1.15295414685362,0.925827788778147,0.492983933300987,-0.653464678608834,0.164300805659616,0.468685400402407,2.4133237881141e-06,1.03679342679632,-0.0289029626300333,-0.133753894096053,0.237575416231429,0.83336987363116,-0.0863515088315617,-0.384923986705227,0.2803349207988,-0.103786444181969,-0.0048198454186,-0.0418899659844956,12.18
117133.0,0.316498342549208,-3.18005971590661,-1.86125014845329,0.539767140624716,-0.24542607468001,2.08760977417064,0.309721690947063,0.400039497488742,0.835011025279009,-0.402224027019609,0.718382685976915,1.00428840572386,-0.293757575294931,0.365732791730777,0.139510361542865,-0.249800539580724,0.110332195003566,-1.21754172404793,-0.506693430709631,1.39187643550672,0.139183759828584,-1.27106847468559,-0.209310665314137,-0.935940175899974,-1.07676224043233,0.1408948873372,-0.159712416219459,0.0735700996361315,822.99
115580.0,2.0389058307178,0.0509002854045936,-1.79406821807387,0.244805178677655,0.568379914253587,-0.350696619774645,0.0248720570435618,-0.0164734980683557,0.334559457287591,-0.200930757939405,0.875115563984024,0.476735979151172,-0.54945651564529,-0.543465179729243,-0.368562267686349,0.549199884963454,0.226270338091978,0.244750131901388,0.362607507908345,-0.179389378553327,-0.328830436748595,-0.898219669689738,0.311717370335493,0.181323147275012,-0.291241060813196,0.175729162635228,-0.0673918143103349,-0.0447445478222419,1.98
39870.0,0.967928604681721,-0.0695068574899739,0.311408189082768,1.12071209227855,0.469532867688751,1.69818889797006,-0.332693494126809,0.630606482707323,0.120485179550804,-0.0853426152790419,1.78030244588635,1.14242804921934,-0.953845700506303,0.491701531227644,0.119051995766861,-1.46678800541758,0.976702060405525,-1.89218023367756,-1.26677445697709,-0.317286045655268,0.0370009036547032,0.378213145914573,0.0268699878836654,-1.01621756766375,0.366493534105942,-0.229472354705751,0.085533026480327,-0.0060701955337292,13.61
82239.0,1.31372586061752,-1.16842259070173,-0.0997236357229824,-1.46130216756873,-1.12619486120754,-0.69633475168595,-0.508838808612418,-0.219070801319079,-2.41258282747373,1.55450964944744,1.07282113270147,-0.0966406737989893,0.643775707709202,0.063908255562889,-0.327877145319666,-0.274855176306422,0.239302382623395,0.0221556511705655,0.41456956811898,-0.0851169381954549,-0.468437345788447,-1.28702365722373,0.0601823538495016,-0.052530811673738,0.219925973055496,-0.537522590853542,-0.0133427203848992,0.0248380237035821,120.19
124614.0,-0.406356586727642,0.212845989905511,0.1078013772013,-0.565753327649326,1.46883755894374,-0.237224019860819,0.956659551634886,-0.225677586826976,-0.0175116558549864,-1.09670032818949,-1.01490134145366,-0.254580171990414,0.702486663811527,-1.67632897298426,0.150393483083156,0.57293019788075,0.160908620101987,0.371963927743301,-0.208916166106079,0.353218680823687,-0.0801402079427717,-0.243447230298993,-0.0137725038876668,-0.0512335890925284,0.0806122181052329,0.392975213396868,-0.20879339941585,-0.166905474326299,84.62
46149.0,-1.34650881762975,2.13243062687771,-1.85435531823997,2.11699770636107,-1.07037837875552,-1.09267135682306,-2.23098606430574,1.03642490791919,-1.89551573571367,-3.36401057980002,2.88704787664695,-3.78445965821089,-1.28890425847532,-3.98562600822203,0.531838297985603,-2.60370264991872,-5.15759639749234,-0.696010004579956,1.28596139472532,0.221918669151309,0.609508181503446,0.202874284952422,-0.0607913872259794,-0.186733353366053,-0.0174012274970924,-0.283751034119116,0.395451049081013,0.233138575967241,1.0
