Time,V1,V2,V3,V4,V5,V6,V7,V8,V9,V10,V11,V12,V13,V14,V15,V16,V17,V18,V19,V20,V21,V22,V23,V24,V25,V26,V27,V28,Amount,Class
85285.0,-6.71340697159693,3.92110415204576,-9.74667821737542,5.14826254938013,-5.15156271985187,-2.09938865681113,-5.93776683170198,3.57877960420447,-4.6849517505833,-8.53775768653457,6.34897930341209,-8.68160893168352,0.251179384774619,-11.6080022570993,-0.351568782034355,-5.36356643348466,-11.9390915052116,-3.58360287020043,0.897402406121681,0.135711322729059,0.954272201927517,-0.45108644858101,0.127214424071711,-0.339449869297565,0.394095513633807,1.07529509891805,1.6499059092424,-0.394905372194808,252.92,1
43179.0,-1.2630166790401,-0.0660828384098346,3.06745872371054,2.2883259616628,0.109433650874006,0.452924651770747,-0.0168657616310907,0.0520677579475837,0.38314430841858,0.824311106115297,0.13048359971166,-0.781109984222462,-2.89344937140292,-0.598597411055526,-1.99513422268205,-0.0105501876068724,-0.220613222505937,0.547483785374378,-0.054775213109248,-0.295770868723556,0.0107847275869298,0.621979100146978,-0.103172467815531,0.509535666060694,0.0866223207315311,0.104533286442451,-0.432520641270352,-0.319992248133204,1.52,0
7610.0,0.725645739819857,2.30089443776603,-5.32997618300917,4.007682804682,-1.73041059025206,-1.73219256822244,-3.96859261813707,1.06372815344105,-0.486096552344833,-4.62498495406596,5.5887239146762,-7.14824263637845,1.68045074096412,-6.21025774661028,0.495282117814298,-3.5995402092184,-4.83032424210571,-0.649090120211694,2.2501232487881,0.504646226103286,0.589669127323198,0.109541319229913,0.601045276521079,-0.364700278220039,-1.84307769215194,0.351909298434892,0.594549978086464,0.0993722360416487,1.0,1
150220.0,-0.20247290434045,1.25936652429766,-0.963798696897649,-0.748043724155546,0.965891437386715,-0.240280302222012,0.553243935926997,0.462511301865536,-0.532169236992145,-0.908347531694183,0.480357389397298,0.878359141772678,0.692776133329482,-0.65903798145659,-1.00636736641114,0.779743036264996,0.0516485437616514,0.420246207213038,0.255279915260399,-0.0152186260868838,-0.274222287093206,-0.7831581741846,0.071796647301365,0.0030673105588582,-0.332426564569198,0.128620173649005,0.095398570955006,0.0073118448352002,6.96,0
135970.0,1.99837030400203,-0.0210598263400839,-1.79020537988661,0.607337571025729,0.234312497945838,-0.672042724631755,-0.0865554739079003,-0.0447489974203221,0.721499990674203,-0.484988412745267,0.726694025104128,0.230598537305069,-1.09713989622642,-1.33904798024109,-0.956502951075497,0.388615920685479,0.978755325816503,0.79761206979729,0.224341805631862,-0.22181981274773,-0.0052521335060357,0.230467557307073,5.84074549604963e-05,-0.488147998679751,0.0582941612464516,0.647458656947455,-0.0479063607958511,-0.0457386413173202,6.7,0
1422.0,1.23712731517794,0.357114103444814,0.20713531440089,0.492048137081031,-0.0772068269893742,-0.540064367690184,0.0349781856452859,-0.0844218087334052,-0.33455266228711,-0.138521592354652,1.48516527095203,1.27141431809439,1.05640193878009,-0.281293567614477,0.323401105755305,0.730469386263052,-0.424387672222541,0.198081970663803,0.209067204971578,-0.0040772750989413,-0.247628313557602,-0.707677898249326,0.0660257623710451,-0.0134479460669351,0.258820549310853,0.0944384910028558,-0.0217154401675913,0.0191581932161662,1.79,0
157288.0,-0.0752525677412789,0.53469763727782,1.09030493744424,-0.513815026967629,-0.230395893498768,-0.502573552745537,0.449278534075765,-0.0301718480040697,0.653155207112856,-0.756365794082933,-0.973993092954736,0.152298319135288,-0.100470121166609,-0.168401422687497,0.274590088083382,0.15735213047966,-0.606706206445609,-0.142132883849399,-0.341435703988669,-0.219332541603815,-0.0857370698748479,-0.200780059982682,0.14581702200437,-0.0662335281853776,-0.705841451265318,-0.705524154482177,-0.0126181060279449,0.0560940817114116,29.99,0
68652.0,0.213953768081731,-1.58225121024401,0.304550225285982,1.56553581051498,-0.825559707248892,0.892996299078912,0.0846540998064711,0.212262086625495,0.584368423487042,-0.320648961917826,0.657083446774029,1.21477364626497,-0.114275863139804,-0.0475526913105366,-0.926636664553081,-0.337134791090246,-0.0327230646681461,-0.032421563632248,-0.0745744567300077,0.771232257839668,0.293300487087142,0.10024095924196,-0.543247904009441,-0.24672917424678,0.44642461860595,-0.293470125418343,-0.01663169943618,0.0908088598848016,469.92,0
117047.0,-0.855373153000625,0.305408537169333,1.23269222214795,-1.77987122421875,-0.850430651455496,-0.525521331312936,-0.334119611217827,0.280410490778117,-1.09239565244159,-0.221720078082685,-0.725602210433315,0.0609504221940383,1.51916108781047,-0.618191123514163,-0.107994435197491,1.28139414681846,0.219508488275176,-1.60266416632557,0.517035847304637,0.0099854034888844,0.0020536237542357,-0.255785531671781,-0.161333366957855,-0.0742829379242132,0.472768475102303,-0.36352061152409,-0.465390008692266,-0.176805840687308,31.0,0
156343.0,2.0139605387112,-0.79752287968227,-0.729493594117582,-0.286319849901678,-1.46768233491952,-1.6496297416504,-0.882573020598469,-0.187291131578864,0.144865950196959,0.0957244285144594,0.29801692993447,-0.972115065193225,-0.936592242922893,-1.8551391203648,0.373671651945095,1.45135010647267,1.75706156727253,-0.621172758389391,-0.139307890525759,0.0033704570675886,0.305983245677944,0.856085136427277,0.198415633153245,0.808379213983898,-0.31317530904689,-0.145406842910902,0.0180395161714817,0.0011772137326831,49.99,0
121607.0,-0.62359557981725,0.669345127949601,-0.0168583290010601,0.446238822086472,2.14014551484599,-0.970482933253317,1.13674298241287,-0.264157977580379,-1.09007054870973,-0.299416480250701,-1.09916397889369,0.0180485698888343,0.591819918101158,0.562445785614926,0.161469300550588,-0.453895978182273,-0.531209886093602,-0.137524939937848,0.163239841980471,0.128579110801566,0.160135770052693,0.294179287040328,-0.212491301135795,0.477465001921145,0.289244574301721,-0.567185276709015,0.10954829061206,0.167950206027334,5.6,0
56503.0,0.915391798180885,-1.11524884067717,0.623923161645813,-1.19514772373361,-1.52190832352774,-0.874188505068622,-0.406509543803396,-0.119560173678485,1.96919588710302,-1.31118527376723,-0.365204506937443,0.843169197727285,0.223470875605491,-0.209792469575175,1.38321633413849,-0.463756600810104,-0.0708894214776804,0.243649795781759,0.659454578096895,0.302524505233796,0.231765486751291,0.531309284768657,-0.276701227141168,0.483768676641968,0.448558880664889,-0.0065924541139671,0.0193949900339395,0.0571158304768425,189.03,0
141693.0,-1.50498250633957,-0.075018505727461,2.04148449081658,-0.194838797047813,-0.47267829488935,0.111899241527069,0.57065879655108,0.16285543625863,0.754941647109446,-0.849787858816207,-1.61363144007944,-0.325679459093892,-0.874079530104641,-0.569835928271881,-0.749908107379525,0.0186264369129379,-0.170931433613574,-0.204152104027005,0.275925466326979,0.0566003781088344,-0.308115543835564,-0.633223635999991,0.0701786390777697,-0.126908072096327,0.4433645588178,0.216572615036796,0.191397055942592,0.137069185412617,150.0,0
152003.0,1.98457109046938,-0.222045668652306,-0.880188811208316,0.370942309038201,-0.069247985516889,-0.244881568308859,-0.255269896608944,-0.0041595247318995,0.464563046687387,0.247031493959368,0.901013147929077,1.10538499953661,0.175366118289363,0.266999754595604,-0.425045330710915,0.28167940896507,-0.691963777637822,0.0979547566057598,0.148850921029482,-0.159365133873355,0.0176130280370665,0.1374260344119,0.244174015217973,0.78914886612498,-0.212269936581159,0.169414152388373,-0.0476400220827195,-0.0548770038176068,9.95,0
109252.0,-0.914699427582452,1.69273391882366,-1.09895457176169,-0.623242549119239,0.56916028534667,-0.431554659767552,0.285757905921048,0.528678514387133,1.66974832211461,-0.285751189507516,1.30239209633529,-2.78522188004928,-0.0789957511680801,1.0498944394847,-1.45195932794015,0.735063652504596,0.976654113792106,0.858604513101462,-0.109865018400251,0.152429977913585,-0.532276008259935,-1.18827844554777,0.163332389226615,0.101346613902203,-0.31330928071778,0.0972247989153808,0.372027439063647,0.18916241558925,10.88,0
123019.0,2.0524996805031,0.060449414980936,-1.81751473376463,0.237443343461526,0.569073407411158,-0.399897061488109,0.0394659083997441,-0.0396566205047714,0.336843730515502,-0.192935588664782,0.773522590924576,0.448703802329128,-0.511747877586674,-0.557454046136053,-0.413996204232099,0.624627374369719,0.146194204915175,0.350890285073266,0.457600287480717,-0.170035688826364,-0.338609283806141,-0.93119252124858,0.297276910939364,0.17090974326886,-0.267114935931409,0.174362386847052,-0.0704595198220806,-0.0447926441160896,1.79,0
148632.0,1.99067889202181,-0.128464660624253,-1.7005559089846,0.529839450985667,0.136888949194988,-1.40426982888133,0.593353450798488,-0.456700413371856,0.648260125847207,-0.0713527331711699,-0.982339219069981,0.229657544159398,-0.592958982330908,0.57415911921682,-0.263544861137986,-0.780886122187976,-0.0660390323664428,-0.57516847557813,0.227544138487669,-0.205091968647852,0.0181788786440345,0.179084131982276,-0.0042481056335301,0.0395307106726484,0.333765179357995,-0.225200967750822,-0.0472852871927985,-0.059681870849651,49.99,0
28880.0,1.26301701304644,0.230351514354701,-0.309816998794324,0.668856619578389,0.793924315522049,0.921090054032421,-0.0507998480677438,0.170147557979451,-0.228779056429119,0.17772379607336,0.0336991117287663,0.617604140397821,0.700356603314792,0.35781626583613,0.564728973355338,0.536482525222565,-1.0999025650449,0.484970455426449,0.103577185435454,-0.0691992416060349,0.0434161857909854,0.19730116887171,-0.314271102777799,-1.68131872605356,0.815909783874438,-0.163543216018385,0.0309568185579208,-0.0073769188797621,7.9,0
136059.0,-0.385765715230746,0.737560812038358,0.580338307688624,-0.804499793060771,0.900553336849544,-0.401195691107418,1.46667892427812,-0.430917255270995,-0.0636183580543683,-0.490061907196492,-1.58932144839937,-0.549798328397216,-0.505015112791983,-0.0272120117198232,-0.384073838155454,-0.23516835975677,-0.514003272148898,-0.55413749144648,0.393313346590493,-0.0652135821425872,-0.262620516023254,-0.567258829941221,-0.247689860676618,-0.708185989380477,-0.0888870014270431,0.289609949122179,-0.239780216484578,-0.110796380962959,45.47,0
55957.0,-0.738415448109547,1.08758951828846,0.444006431394433,-0.550475226939108,0.627159684184823,0.843040039054498,0.146841446660647,0.776654439365951,-0.651068111049062,-0.407668380938511,-0.242885993352565,0.0916656375428593,-0.119252698556534,0.662768821378778,0.532845212329839,0.750336839368544,-0.802679126082825,0.351819653278433,0.590905713566892,0.0260690846330955,-0.216684677905726,-0.731773421957511,-0.126340802152282,-1.74366513017967,-0.0506020475767353,0.194018598299396,0.143004167262521,0.0270195451744831,16.98,0
9948.0,0.271351891561146,-1.7405217687478,0.772038692815137,0.759880915647976,-1.58109474004051,-0.223862455016143,-0.0887944314129055,-0.20115242827503,2.22244615608742,-1.00688655278481,0.417591195481028,-1.69126607567446,2.43318168237261,0.969873344273311,-0.449548916966225,0.167279104205417,0.636043033439715,-0.0947810483259977,-0.132551393907658,0.934442657147572,0.0363826972580133,-0.540242404490322,-0.368139115772921,0.455832665623696,-0.0697485308927527,0.896705803963501,-0.149523056869153,0.0969714954375164,500.0,0
35198.0,1.10458391256793,-0.191646807625748,0.238803557375489,0.946056797683857,0.0979244897024716,0.857984697668551,-0.297891037425739,0.154884344716691,0.604362915704194,-0.204375443836249,-1.62647989909625,0.254087946175397,0.812272211245452,-0.268408386104021,0.761249362091834,0.151577402272861,-0.580911525846145,0.0271529724914832,-0.210183835537503,0.0574656830055396,0.104293888576843,0.385828541066896,-0.346914091201591,-1.27301969603004,0.743831405018482,-0.117374097649973,0.0572126382869579,0.0254538359989283,79.0,0
111009.0,-0.143403325768614,1.02606469139676,-0.709466709186372,-1.00512383239287,1.48840282280975,-1.03969249845969,1.47764774458669,-0.351999337647758,0.601532441262275,-0.693447217786623,1.75925285002095,-1.93761274898659,1.34068187804572,2.33852430593155,-1.57710115801136,-0.48393984526453,0.068626477413564,0.412700827741883,-0.0542531898872435,-0.0171645476149092,0.162227868119716,0.799881570152531,-0.153010859666587,0.755138831152545,-0.33558125635897,-0.0070076718564739,0.351078959450411,0.262893716147209,20.0,0
52562.0,-1.10507989923187,1.82884967231445,-1.14719383490302,-0.289846957778345,0.918704926536748,0.260663527697835,0.0615912010843797,1.0734470416206,-0.842992543640349,-1.09819708801325,-0.112074072891704,-0.53190455892356,-0.997821620193313,-0.462258548672731,0.423094185493699,1.10632112773454,0.828419917713125,1.26662455738094,0.343405842602395,-0.157291313626102,-0.0194515991244566,-0.268704075604683,-0.237597988285854,-1.8632150822673,-0.142802705330451,0.387941000890672,-0.0267923661378368,0.0872895390031454,0.76,0
133292.0,1.89581667170499,-0.111575266650201,-1.78754415081725,0.339968719372849,0.24347887232533,-0.722964822893104,0.0847536024167968,-0.118045911684862,0.756818634563032,-0.760467857445884,1.03654465028601,0.956843353388362,-0.0439336552230176,-1.42360955440393,-0.754936484111762,0.257045084486028,0.873963752999178,0.581004373256291,0.426726444588743,-0.0580595971269273,-0.186852334701493,-0.402003938811841,0.0929180194326746,-0.517157040961108,-0.0791829284365189,-0.0882769821526109,-0.0144062814755122,-0.0232068849095028,59.14,0
68486.0,1.30487225080386,0.200051891663532,-0.425744858891345,-0.0111993040437721,0.125317008808263,-1.09962162205116,0.544748780833549,-0.442768191050649,-0.299932254008069,-0.129042049102899,-0.476929362969474,0.641709476141753,1.32142073900059,0.213750429318988,0.665112369702021,-0.00103217843107,-0.407711833523197,-0.673138363621546,0.289686434261934,0.072835449059235,-0.0500793894833679,-0.119827502936703,-0.186380817769505,0.0022511778907949,0.647710252873525,1.09458587514851,-0.111522687538391,-0.0067280616727085,34.95,0
57207.0,1.30016399715388,0.102946031361122,-1.40367732816362,0.185655740072267,2.36061301669381,3.39877536329815,-0.269983068773149,0.765126063425655,-0.0751236338420223,0.0575981814135441,-0.417648562279536,0.128524420116884,-0.19447424066019,0.393530514667642,0.178965154626631,-0.0495024826573662,-0.61110447097861,0.0081569959427452,0.243877001618998,-0.0493924892277499,-0.0900989719747954,-0.244171303221617,-0.180229469603708,1.01890391827695,0.999122337440909,-0.245221921008474,0.0118853735613924,0.0065443138822726,1.0,0
147132.0,-0.863509553421828,-0.136450450394569,-1.99525189914315,0.142924078981301,1.86065977456006,-1.40873938373677,-0.0796667983956667,0.475213318140122,-0.0604143263974547,-1.55500890232553,0.855443165086261,0.359781611907635,-0.678281646579648,-2.0259526917341,-1.69727430955,0.630059693094494,1.80522326043385,1.35158086121356,-0.401619080722895,0.0816109235885007,0.436759201571964,0.929751039601022,0.145189322525437,0.56143205489012,-1.72600738177871,0.300326961256007,0.234598381085726,0.134294557961517,12.31,0
134026.0,1.83478431996003,-1.51068454172445,-0.907365749186491,-0.879673575917267,-0.834694785723078,0.165743455969237,-0.808195922697631,0.0891503736985733,-0.0732342108854042,0.739531723790806,0.446138897055508,0.157214913630031,-0.103143893528327,-0.277864074812527,-1.05106277600599,1.28059320844258,-0.0123238785590977,-1.14655034939739,1.30569106584786,0.318034481997518,-0.0949087163766617,-0.64595163234992,0.262278193199819,0.316083862313278,-0.508819560847618,-0.619572665980751,-0.0324948011180881,-0.0220812161132069,173.66,0
142051.0,-0.0683295900341791,0.815153680391072,-0.108938752801701,-0.116070662247817,0.8559581579338,-0.434945849340088,0.645582825850478,0.0730116544506817,-0.127618456249617,-1.10632194624544,0.511238249408265,-0.249527758700665,-1.2676518094932,-1.40830298666123,-1.03390795891861,0.235048427675164,1.06350947306639,1.03063213059905,0.600382399035774,-0.0892705115897312,0.0374199666143393,0.27250438696743,-0.381759425513735,-0.558790000174518,0.129514128578631,0.724756979777558,0.003098454468682,0.0292442673173016,0.45,0
32562.0,1.28157281089108,-0.818072479529572,1.0669209211475,-0.67236327338157,-1.64819892078483,-0.54248072282122,-1.15403837722826,0.1096669563245,-0.550178704182873,0.792477995188551,1.42475027881551,-0.309895709998175,-0.618459365416241,-0.0735154514065667,0.489790394447488,1.65571132687746,-0.0728297349540701,-0.322301905423979,0.434837365816779,0.079217827219753,0.448261067013238,1.13199277914197,-0.0959988120469743,0.557430455398884,0.335354938986688,-0.0784140859531152,0.0253271915033884,0.0191056962272377,29.99,0
83033.0,1.30237796508637,-0.606529308236609,-0.681986192919261,-1.90460339622212,1.32662310684685,3.43631244725031,-1.14512682747431,0.959147262092341,1.67130156362918,-1.02294602983554,-0.191422972651615,0.631027341487108,0.0319072703534055,-0.0314253812628428,1.44662697638966,-0.121820378583087,-0.651405237009102,0.617970476528782,0.927600044556072,0.0057566554189328,-0.0642082814806287,-0.0805870774450856,-0.0729910792746877,1.01813597043583,0.663574772480488,-0.671322844293718,0.0968009452278396,0.0286968782920849,1.0,0
861.0,-0.94598740166318,1.23275335769919,0.820312643931454,0.311063570020599,0.981736280083421,0.935187763291649,0.566925625459443,-0.0086035520117534,-0.621911711489819,0.380949147356357,0.45499762543172,0.813051961669976,1.3485357185858,0.0126363998282984,0.71473490717118,-0.0071531546695598,-0.796041544806961,0.403173695485294,0.913516182367469,-0.0440426587665725,0.124922284918563,0.284644067910303,-0.197950685535595,-1.32606087074801,-0.161714668544043,-0.382919123145688,-0.488499599183705,0.144470379707012,10.0,0
64222.0,-0.62177027264532,1.03744517149787,0.367376756811695,0.582815116254969,0.196312149927831,0.28930690893071,0.589374087893661,0.461990528920953,-1.01307102775274,-0.336576441963293,-0.0523807190269852,0.211818746389364,0.0241559391743902,0.833452698498299,0.381089547835184,0.356845580850346,-0.689078589988083,1.07821338874642,1.13812415947938,0.0885906259604682,0.218035039966581,0.377981553824956,-0.086147015291807,-0.848449751343607,-0.0834205966208111,-0.278979004888687,0.0152395402284149,0.085060105070326,85.25,0
56546.0,1.10816526055157,0.0829100192005001,-0.143816617484639,0.328507762684977,0.205536634994756,-0.238828884427967,0.346012981162779,-0.0594523358718895,-0.510282103542915,0.0281629698264377,1.50395909497946,1.21425964831475,0.488467336707977,0.60112990873258,0.289406945415124,0.0111861099163659,-0.368092159678065,-0.776457731861793,0.141694930505147,0.0376937832524394,-0.285131260352509,-0.965639329858465,0.0664694757676424,-0.291483116654737,0.222364274015276,0.162719006125834,-0.0595319235449246,0.0038733784231194,64.95,0
76322.0,1.24827915668336,0.219090047755908,-0.188031037057072,0.442604401904294,0.0245664467898382,-0.962153173613169,0.467880940221437,-0.307698264096525,-0.171937633791925,-0.0741849616031198,-0.635692152591053,0.171882583258973,0.21884574958773,0.440819199685675,0.79056448104918,0.171982066634204,-0.43472226157376,-0.72377392933184,0.283969197465337,-0.0072048656800016,-0.393450117732069,-1.24374517623755,0.0519981165834578,-0.122740640874146,0.342160765015446,0.165322379753391,-0.0707720075323405,0.0109149861746707,42.9,0
131677.0,2.05849707019427,-1.36415686810205,-0.226862498331159,-0.647026447992007,-1.35756943338985,0.0882112752834188,-1.39387643205267,0.207510065734167,0.879732779295673,0.556918991935454,-1.41653193251809,-0.934644557652998,-1.28158482958116,-0.674436601886041,-0.702895070071124,0.882162770504736,0.602584502960885,-1.46808398316246,0.873434769790173,-0.0527792095708304,-0.0411265742322616,-0.064039799956601,0.344246784934719,0.640257920758894,-0.444158953333474,-0.392840997327521,0.0218280576210252,-0.0309265963739948,43.48,0
607.0,1.03826115397494,-0.3014148540157,0.910166866391778,0.86387191254094,-0.741702147357194,0.0901250849892798,-0.409753476588576,0.0767225223243765,0.684989858653557,-0.30622553751677,-0.402137315767588,0.924803646578995,0.836034970850575,-0.450041762574791,0.242099718003608,-0.337570274140416,0.119844839829695,-0.716553826785727,-0.447644612653237,0.0400559285181011,0.134996237347928,0.554309191852417,-0.138944369793223,0.168499662960642,0.423858806377557,0.530611285392211,0.0149796563582453,0.0280409233918118,69.99,0
36677.0,1.02070548031973,0.0683566795247687,0.510018504105156,1.16815850608777,-0.287810224647801,-0.141280006680566,-0.0210026381952424,0.080077930545834,-0.263028216100797,0.155231062393752,1.69300656595809,1.02885717294366,-0.0703640853379053,0.548887910937439,0.518616004002453,0.0538384748069541,-0.389425160480407,-0.0858071179073147,-0.636787975744903,-0.0531106993244221,0.160473365278568,0.37558092549421,-0.0810689606366192,0.235503985937965,0.459887485823471,-0.335725097900033,0.0245483870682922,0.022646602865314,60.0,0
43672.0,-1.56764681224619,-2.77730057891286,-0.0286861433824385,-1.12543338795975,-3.68096125174271,0.491667385124257,3.42401132886301,-0.647189839833122,-2.99617244066873,0.0501545521844109,-0.339213577407894,-0.460011614065806,1.80469960715062,-0.641480690571482,-0.71595982208331,-1.02836551597773,0.848732406097259,-0.0529777400618713,-0.178927524298037,1.90262476605452,0.470332412266793,0.19688580282775,2.09991621913331,0.647337393138643,0.650718700262847,-0.159545383831755,-0.286988481111995,0.090750144036299,982.11,0
155711.0,2.11790457410343,-0.0928897829271759,-1.60393786670205,-0.0271776307541429,0.632960941305552,-0.0927978885190341,0.0902930511067612,-0.132675615305009,0.288732881408305,0.227711323426943,-0.168025567648779,0.981266148184631,0.793202334467726,0.275430005615636,-0.623553159830619,0.463106051993244,-1.0689733649527,0.0013920771780321,0.947641021583651,-0.13404134526287,-0.321452614100069,-0.791025522131718,0.152573946107537,-1.37029018470124,-0.126163360010588,0.261476211042084,-0.0724182053697602,-0.0829114352717661,0.89,0
63491.0,-0.969747209188899,0.815909659807238,2.65796189853388,1.39150765653069,-0.147914404524231,0.899063547388297,0.145868031868868,0.235899335785561,0.371658033419137,-0.608499796866536,-0.950863465886371,1.25059863786951,0.976891478033569,-1.12610703409965,-1.59306585595718,-1.60938973047654,0.990628919594613,-1.26513681647875,1.07749305856415,-0.0217785309376455,-0.325497296784495,-0.46829509856869,-0.133737404237996,0.12112468008247,0.290859620330842,-0.401851522230678,-0.0955979020208573,0.0734616627977358,2.0,0
74377.0,1.26761830948504,0.314042532148481,0.145138661812085,0.615923176047636,-0.213252772885204,-0.867446667673705,0.0813350025762144,-0.176554781364036,0.0726176073777069,-0.282331321238581,-0.405989729915218,0.0592558820613473,0.182328111518952,-0.285980362156008,1.1329784921426,0.589397740167261,-0.129607517477652,-0.167173897182972,-0.0644626489986727,-0.0613436335362801,-0.308120720771339,-0.908770573672511,0.0798499185153895,-0.0175128881809611,0.257787771597927,0.116304695615599,-0.0256103468490531,0.0281992165234904,8.99,0
34028.0,0.295196086305255,-0.665059273937085,-0.166118013513726,2.98010606483303,-0.450200439372844,-0.96107168419065,1.24013325497375,-0.475644951328226,-1.24950996210951,0.499925298518344,0.0658918798374247,0.436760446119611,0.635163324639112,0.520711175244281,0.151019279417567,0.203267198712757,-0.30888720870119,-0.663256419984904,-1.24031611667953,0.806711310664039,0.309111528222736,-0.154699193640012,-0.455862023915464,0.971883362217155,0.511751386316293,-0.0166236105795848,-0.122368964275281,0.0978831132471657,467.5,0
87209.0,1.99501455419682,-0.136854452315978,-0.700743865433594,1.33972818262039,0.141749389680493,0.322485731649984,-0.228162205007832,0.0237126170625454,1.16449977421328,-0.0332270693841704,-2.09900414798269,0.703549196996513,0.524727669204191,-0.434614847828747,-1.15361494066417,-0.205564495364657,-0.404236472875244,-0.699995428080714,0.530494784594349,-0.226811103712753,-0.579671385794089,-1.33333276557044,0.306776512801445,-1.13268723071093,-0.17619178751466,-1.03922299066122,0.0597824750734426,-0.0397607438145134,9.99,0
31244.0,1.08700226766406,0.0654586612400789,0.485043314687966,1.34387420439136,-0.283361031152261,0.0025198787456006,-0.0766647825507694,0.165383749401376,0.15186489891264,0.0655725461101882,1.19250482294411,0.810489768017429,-1.14578123826879,0.455425847433799,-0.710613315541088,-0.543406232461476,0.138989216641463,-0.438124509773357,-0.152541316545477,-0.223026675472364,-0.040723251098741,0.0160051731683353,-0.0480415372235608,0.208209397728401,0.571482253800505,-0.340377378717976,0.028643333520293,0.0076492724697299,18.56,0
159066.0,-1.55935653258074,-0.523267307516631,-1.76318605398313,-0.247172801246096,1.6540471970631,-1.81914654369868,0.0842796824030706,0.0340529610019752,-0.0389164194219173,-0.757245861527795,0.676623969163019,1.02025296355516,0.656620035620645,-0.44175357920151,-0.609701500980417,0.771943246442831,-0.180601413247486,1.13061631248806,-0.558763214573543,-0.711644524194908,0.428527414020989,1.36244200089704,-0.803381888138966,-0.289567520198553,-1.77710634034365,-0.534822478930861,0.439590722432503,-0.25236952744047,45.77,0
77700.0,-1.38096987094865,0.488586722725662,3.14338732657625,3.22971321488843,-0.680994404591061,2.1134359921357,-1.49230201799646,1.32544195763625,-0.138029471765993,0.234071810303592,-0.0347612988221872,1.25797731294348,0.639778641682532,-0.893445203666643,-1.62194908938602,-0.557339662521177,0.798558172660853,0.405430457025748,1.31725523597279,0.317844262688912,0.223427758806176,1.01374652393729,-0.360751701375665,-0.202673125351165,0.213046996044503,0.580373400285733,0.326050168032782,0.0156675217130251,1.15,0
64028.0,1.19614063239762,-0.172655308243126,-0.0692387423020333,0.385646506265852,0.262495261648927,0.840890573358801,-0.244824927480835,0.266246069230054,0.387405027467076,-0.0583704834497714,-0.0469845689934003,0.464674557559176,-0.55052567519772,0.209173072841442,-0.487859169573831,0.0439999803709686,-0.388065952004387,-0.147752233520421,0.650057630554064,-0.0929115253083605,-0.234356778544654,-0.569362765215692,-0.146809350606449,-1.28851206227267,0.49927085536478,0.36357009706511,-0.0199185432403893,-0.011633190444705,29.31,0
25410.0,1.53452610180131,-0.989328131430719,0.697491078225504,-1.4147944353822,-1.56476281721694,-0.574556559979066,-1.19403118138678,-0.177943686518932,-1.73499340608396,1.39809791173806,-0.651440871159843,-0.448461845758129,1.73528872050203,-0.736935482180267,0.746742118363474,-0.0964647755076227,0.180674652949796,0.290068373613117,-0.311898719157391,-0.248348536268112,-0.0747989621449112,0.266005641992866,-0.0531179959798549,0.0593902423469499,0.427187329865379,-0.0845422848042222,0.0594526901082531,0.0251750874907659,7.2,0
42604.0,1.13371297688795,-0.101927112311967,-0.370354048320296,0.921122341180581,0.658397802432507,1.14423438626449,-0.0262889715384851,0.252986479914524,0.209542893282574,0.0331806377530883,-0.458122610319464,0.416356362908656,-0.342393273605864,0.258958287255626,-0.612648358210463,0.0055394736896253,-0.588813733524581,0.146729366562202,0.558222447662438,-0.0357988092825381,-0.134462769778644,-0.328214458377925,-0.332812291139969,-1.69893445651572,0.828126660094645,-0.227644717787004,0.0202041155399474,-0.0027365423661848,65.11,0
44390.0,-0.386835726832729,-0.701760873560731,-0.43451399333252,-4.5195087450514,1.79463445469879,2.79093031695115,0.0295611816751126,0.427494188829564,0.192987142080593,-0.786074820630888,-0.0938210615712464,-0.0147176643351423,0.193977940558227,0.0533520900167761,1.86912133055375,-2.32773926380638,-0.415427322465318,1.99952234787001,0.870988018342019,-0.226886848342302,-0.355981037483396,-0.447652241722617,-0.159429458159402,0.983600947512357,0.0834966170088243,-0.896496656860096,-0.0801191299410142,-0.0653760805375642,71.65,0
122315.0,1.62624169132804,-0.820035132322708,-0.346565151898644,1.36182817953443,-0.350867938082126,1.01220407870451,-0.636001231141844,0.334875108076337,1.17378174171241,0.0824806571235234,0.0050776331046992,1.23891928692861,0.0943129827341952,-0.308389476941156,-1.32911958103252,0.220413222108232,-0.647366906471778,0.290875774865587,0.227766685488016,0.0715377988293801,-0.102977782245967,-0.353085762466268,0.167590257877776,0.181978908480594,-0.296155455178631,-0.898291856458211,0.0472433669137167,-0.0075598095080833,150.0,0
80810.0,-2.68000809125808,2.35624593267292,0.132131196861001,-1.60930474558002,-0.905788771789614,-0.815480050651461,-0.138058568199092,0.769684244400896,1.31178988285836,1.32712512564577,-0.27666029970773,0.369635840794752,0.0733953055860952,-0.158095608341784,0.832330739794693,0.359032351318955,-0.25004528791381,-0.892895781170167,-1.33289689820258,0.706689404299379,-0.239707401614677,-0.293319979663673,0.172667086814809,0.0840580341823906,0.0464244781292321,0.748137604517115,0.374721486486653,0.150633299692583,3.76,0
10133.0,-1.58544581155305,0.905019775323444,0.627689123490462,1.48284597170512,0.078538038244013,1.35757057303782,0.259394057654823,-2.56932770009251,1.15186245392226,-0.49136970300847,-0.343062607860658,-2.29974606856456,1.94468502374829,1.41392922238966,-0.434222338318933,-0.837093465857505,1.18405741977261,-0.178968919808473,0.857994976799723,-1.0623074670142,1.88703417259977,-0.843576218352122,-0.370631598162381,-0.775083298285509,-0.0529281841118513,-0.185650559484601,0.671924042284907,-0.0251578406072733,261.56,0
135459.0,2.11001994175375,-0.56722267886528,-1.50495575944928,-0.670864214849788,-0.0947900856906801,-0.61275776031303,-0.123264410506098,-0.229932772607403,-1.17196496759,1.08728850972048,1.05605548619288,0.941974876109355,0.84206625791867,0.475600450258557,-0.291591549926407,-1.36742752363962,-0.401911568440493,0.94495058323187,-0.540601359122348,-0.493763910992941,-0.458905462132504,-0.899242475004387,0.362031996114916,0.691102964002895,-0.342511136563242,0.350469062085162,-0.0794753023503495,-0.0597061367901129,30.0,0
56424.0,0.319006820503564,-1.0728670072348,-0.216145740024953,1.49470922314813,-0.627062594882979,-0.761866912491026,0.941686710124471,-0.430271817765345,-0.267430647891258,-0.245992183077833,-0.172332406706652,0.887634977155275,1.364419397941,0.242645628708038,0.839773450106636,0.0534245445957735,-0.486721361365818,-0.209113201786056,-0.530747123182899,0.914994982322065,0.332521013030335,-0.022461179975265,-0.537690680486558,0.452072379579545,0.555495485671103,-0.383542535849336,-0.0685200301072035,0.106578220291139,484.0,0
170846.0,2.23725568610118,-1.27706651119965,-0.508643184160431,-1.24361969065484,-1.8137978559102,-1.61672751433195,-0.961206684060982,-0.372181041333038,-1.29511380547028,1.58120332371372,-0.201902437124505,-0.48880186783183,0.229641164697676,-0.332181369384206,-0.288387115603159,-0.893042659212719,0.851820580706284,-0.447274241309458,-0.469596222426984,-0.477371493914755,-0.110137486491886,0.210432659606243,0.340175802967716,0.9141264944421,-0.287532039939994,-0.21819225393554,0.0100599012464954,-0.0422769451114884,15.0,0
36537.0,1.34369889336933,-1.71024378917103,-0.83668112035331,-2.39474079397576,0.532274280677287,3.5455556785597,-1.75235515274876,0.846988470718724,-1.68558871085367,1.43003171091639,-0.310367250980217,-1.04676025821113,0.629017990823137,-0.396319196205727,1.0202555340059,0.195304482035215,-0.128502647654034,0.845266832240922,-0.135812889951292,0.0267504721977782,0.0075606371506548,0.0645091592232239,-0.162105453395254,1.01232490145405,0.493149862930913,-0.0432133247822416,0.0384238377521225,0.0394034796081268,119.0,0
35273.0,-8.3134018411496,-6.27072017945119,-1.3338014291633,0.218198950695879,-1.10103136719025,-0.32710016525947,-0.677812011641866,1.07346749074011,-0.625128302133307,0.0123589495010588,1.0625042311529,0.0669897684368213,-0.670934330066567,0.584595524748537,0.126442635003156,1.78090613201101,0.90986973929117,-1.5408377197469,-0.179872117654734,-1.54276628761826,-0.107142387510678,0.310856142133207,-1.41596207324803,-0.043643864430505,0.226257716714016,-0.278380601390539,-0.411807417529152,-0.2893858544423,84.0,0
163664.0,-0.568705784990529,0.878523914552081,2.19148799820716,-0.373087059415761,-0.0137017464627384,-0.310024378744303,0.638281982529268,-0.122507266048881,0.35900479977887,-0.577751189598816,-0.634704839859313,-0.110412041542764,-0.058535223745792,-0.202496911135809,1.39830300906339,-0.30854820087176,-0.377352962773376,0.156195631980945,0.640403712470119,0.215703332239407,-0.208176963457157,-0.247368446977034,-0.315956579378033,-0.0604577812042658,0.331160078166312,-0.668190381379141,0.195599557797373,-0.0796698075271381,1.0,0
117678.0,1.91605475857537,-0.421208795261063,-0.467420066331016,0.473632530454764,-0.393467581053267,-0.106717608636498,-0.479701406778173,0.0176975264935736,0.983829754100791,-0.0111801203356978,-0.841398136392364,0.54117100073733,0.53465414123004,-0.168172813545142,0.574112584406918,0.418651657837407,-0.582496802663872,-0.404049954131059,-0.195219557868944,-0.0681627110158193,-0.183501267303122,-0.517919279956885,0.394245518358786,0.592160404100098,-0.556160202073893,-0.0507019809009974,-0.0195116895948681,-0.0247578129201872,49.99,0
100876.0,-3.73645362171588,-5.82689554875491,1.40522378416938,1.24371712333503,4.80359638080138,-4.44397593167942,-4.1886600017056,0.505526720799483,2.76074494795536,-0.333089702412956,-0.0755270975907753,-2.21043387197543,1.10117176230761,1.50252302168567,-0.408023374650833,0.346008207142124,0.214818499977212,0.512732276479252,-1.02487755906343,1.20686260177634,0.638663094091757,0.478266491369348,1.64264690487144,0.31836534635045,-2.35632461458862,0.0571832249468766,0.129854376681719,0.486999017636962,15.95,0
25962.0,-0.389890886179564,0.602704052729922,1.52836336585864,1.09739749945731,0.373764417647502,0.877717433383099,1.29782324567419,-0.318591593315637,-0.329936969133644,0.329322600709055,0.98389604737876,0.563712742455256,-0.118895131568376,-0.252950654578701,-0.389580231456896,-1.06071290045399,0.0254191924806426,-0.128932534632402,1.17747786828288,0.141580407481315,-0.0563759710503942,0.412930065441862,-0.149540458312226,-0.276768649855052,-0.169189669124369,-0.30343443135425,-0.228246876047292,-0.349944706157756,104.0,0
150977.0,2.20178035164081,-0.670621645540838,-2.09799708989292,-0.839323027800985,-0.265038628906593,-1.87143649477268,0.24380013796281,-0.575126427625707,-0.776544206369611,0.95592895344224,-0.805100841442849,-1.35750173626008,-1.30633061327236,0.652602059533933,0.0771720322145475,0.494387557674192,0.440134161755751,-1.54278540035298,0.646371560779034,-0.0681852599029017,0.355078085434869,0.893777617072745,-0.0833145968525097,0.0763778860361144,0.389003428932988,0.0777291302079933,-0.0946825166865204,-0.077331794984363,49.9,0
67460.0,-3.09456658517131,2.63308610327652,-0.215319070213862,-2.14865727386306,-0.232266182647556,0.190178262781275,-0.130661493184808,1.01366550960014,1.2146987148052,1.81911938169591,0.444243805410067,0.773495593523049,0.467058014605586,-0.189331329781478,0.201018010683379,0.773373169675695,-0.960558626412689,-0.0498943324143591,-0.563108999576296,0.990831814454043,-0.338265485262283,-0.280065862885664,-0.0540705131220291,-1.14376671238773,0.124796098029985,0.761054521772979,0.240833057138935,-0.221261411784182,0.77,0
49473.0,-1.33207804914648,0.352081995823835,0.845219797989011,1.50729612538453,0.378844947819274,-0.887417954218551,0.439632014950305,0.343550972052011,-1.19588816316946,-0.432555037695998,0.0400321953911325,0.565363485628295,0.472079583142822,0.831467378679555,1.20179618589232,-0.725548494721779,0.542880102866188,-0.906335873096692,0.443156150235699,0.331789875525909,-0.043780644604998,-0.662395209710379,0.364147896676622,0.350467679337251,-0.574519934629142,-0.673017055737364,0.0450054798657325,-0.0291842774350609,86.76,0
113185.0,-0.836430874065843,0.776086339250805,-0.287263516835258,-0.695564167130289,1.2316549459867,1.43401809612067,0.113247424428404,0.884349341071267,-0.492577328271326,-0.498271775632744,1.13882048977405,0.918126360848008,-0.468139935494936,0.870615811989219,0.26572193965563,-1.16235735670435,0.769317881056923,-1.88602630066558,-0.61561660131901,-0.397278085949684,0.0657064951385995,0.139115696774263,0.183922127446163,-1.75626974592229,-1.35624276056455,0.247733724069712,-0.159009714263743,0.108494072222154,0.99,0
143182.0,1.98737041912738,-0.410268120863971,-0.601077778933004,0.137262273866831,-0.256420783380498,0.22500747668094,-0.678090391245312,0.227607758647422,1.16068344217429,0.0244866228166695,0.332274805135332,0.59903197752553,-0.698716199908571,0.278847419265618,0.115861246212336,0.58388741264741,-0.933988506694366,0.580481464423195,0.400906188940528,-0.228583306403342,-0.174545463728811,-0.456089697991818,0.352714273948225,0.211880335543293,-0.406329949885451,-0.645134781282025,0.021019591341785,-0.0404987193382776,4.6,0
132540.0,-0.552969145675907,0.358829807448088,1.36604963104899,-1.26432080689213,0.49204392982645,-0.222840880478658,0.242110378649389,0.148216949683636,0.283898342936666,-0.930663713631256,-1.45923699786428,-0.578710566472497,-0.462085953752305,-0.123916107136282,0.285210052156606,0.84344586932122,-1.01580470959687,0.361336121322809,-0.87251831330527,-0.117803893953186,0.22254216682707,0.555334185891017,-0.235639810404934,0.505635680547746,-0.178245544454528,0.540801538656517,0.0587844042774446,0.138887820046475,0.01,0
61948.0,-0.852968594416041,0.864940113527934,1.191680541846,-0.48412084712972,0.80905080607222,1.61933827784646,0.193145068170211,0.767112063484223,-0.303990357902529,0.0020121134355162,1.80781662151213,0.364370034216672,-1.09799315525331,0.573292208911504,1.39052775728849,-0.744670035633638,0.488171082094893,-1.58242428886402,-1.1452907293766,0.0410443861504367,-0.121926473843114,-0.154247431545831,0.0746242805663793,-1.40093994586852,-0.477917131839879,0.211283854452206,0.435962604808126,0.148841968503902,7.99,0
158966.0,-2.56446300276322,2.8247785268093,-2.60532729123119,-0.628394758536812,-0.862436035413782,-0.845419170161841,-0.979412180096111,2.24981708919348,-0.335557393596772,-0.552721959240305,0.456472034181088,1.27111837698518,-0.16960891497081,0.569308616715881,-0.988089430657129,0.986594988979005,1.04389750673756,0.322808804059982,-0.201341983279139,-0.0400781672348459,-0.19123926356261,-0.860554403372538,0.392361258651514,0.574434714111028,-0.176520132065846,0.122107163174512,0.0226727591199092,-0.0149732635552354,8.99,0
62610.0,-0.644249049199074,0.692861666481621,1.42837319095929,1.37805776134329,0.385872914039468,-0.0921063230810841,0.481888837334188,0.130659719859745,-0.26758021611313,-0.0938627570650673,-0.640518374394693,0.127400819487591,-0.22898028658003,0.0481838042137344,0.238731192402773,-1.21938470368059,0.638968284641882,-0.653403032922573,0.721645842187869,0.247209370826683,-0.0006201055699993,0.244644303738979,-0.0490364961442639,0.0928547838202476,-0.0724499534283075,-0.2239115907769,0.411894265094742,0.211386598051594,29.0,0
167834.0,-0.42349359244887,-0.344244706534322,1.68458419501874,-2.45621679070045,-0.895188292296283,2.03461065186359,-2.28639170606049,-1.9152385636903,2.49175892515139,-2.58909160307553,-1.11698169499753,1.04111209500833,-1.21531799757651,-0.543730571795655,-1.67349427554755,-0.0345603063147242,-0.303941682369313,1.15058053090492,1.11372651785835,0.530535663900803,-1.28814507635276,0.735374999561479,-0.536248011317757,-0.291585145992115,1.74696088923711,0.129986782745162,0.0667413610445635,0.154193154364939,0.22,0
167643.0,2.07475092562516,0.0727923786233856,-1.99287254442968,0.122832174260516,0.854346440034123,-0.0538882389554728,0.0463884215911829,-0.011619308781946,0.296412150020996,-0.214147981259251,0.510457573787363,0.566254488098832,0.0157410362926414,-0.66853252013444,-0.384541196144581,0.672233573832983,0.017617806101144,0.348827109217598,0.547446445682627,-0.132994963920653,-0.356247990597304,-0.95084555940479,0.244486753594404,-0.305191346110263,-0.208431499288801,0.20508113480582,-0.0648857800636658,-0.048809973104465,1.79,0
52885.0,1.15449617051759,0.182900488365935,-0.0129644368668616,0.875481513718977,0.128523869512254,-0.216801155826962,0.208373814612403,-0.0900432803702138,-0.329040304356291,0.143688208502862,0.796211667325703,0.979798824412338,0.658026502305079,0.433187375026972,0.208059542000753,0.423402911588351,-0.960430583460875,0.502432781147246,0.157927379354263,0.0298366949520061,0.0711122861050796,0.136824085091204,-0.247503900668264,-0.325235146447407,0.751913091401,-0.310574720017307,0.0036788428395688,0.0131702698605789,53.95,0
116426.0,-5.60217028163577,4.88623182734735,-4.28116139880846,-0.721403230139264,-3.09048348848479,-1.80246164076605,-2.43167590677365,3.94246712015814,0.330110088789685,0.638346129317892,-2.07218689008286,1.75907346848103,0.619308220448676,2.36366196624254,-0.602194584746635,0.84819817342766,1.0851259605401,-0.563143583639763,-0.438738424706103,0.2143845160371,-0.194462360781439,-0.894051756765824,0.603761841044878,-0.0007070118092838,0.221317285027524,0.174038900930215,-0.115257705485599,-0.155507232480062,8.99,0
77328.0,1.20609155917713,0.413766688745356,0.557590917027213,1.09870948355656,-0.28354386694941,-0.851671342141387,0.217105717985975,-0.250929149970831,-0.159489347847254,-0.0655726127834865,-0.0891639028864065,0.984905653335668,1.38660248708956,0.0746620424618968,0.894396766472953,0.169432287101494,-0.558312257383168,-0.49817071214531,-0.301477541899178,-0.0290848303940324,-0.207425565280972,-0.567322162808539,0.0762754135510306,0.385201492324108,0.409747927474103,-0.636775167540795,0.0309020614676778,0.034866992849337,15.97,0
56965.0,1.25624763603062,0.387589030101398,0.315620179897057,0.689161316508638,-0.330496560333005,-1.06222911110477,0.118628805625943,-0.230364761569112,-0.0380578848186049,-0.296438584733183,0.0134828465129468,0.48273404637743,0.691634630842129,-0.380133367863954,1.04286130197654,0.45665325404658,-0.0318104499057731,-0.356349623592534,-0.201683833906562,-0.0505282269717214,-0.282120928584553,-0.791846758379798,0.123614487109076,0.358130770469642,0.231757997707797,0.0928215552515745,-0.0200647926270513,0.0318587419851067,1.98,0
38314.0,1.02481773098075,0.358815410190551,0.0949320149186366,1.48392859358159,-0.16700280948682,-0.73836121672186,0.169806658903669,-0.0762979103484675,-0.0726334547127465,-0.537307905848425,0.510358204609148,0.15917927955447,-0.0923656970954642,-0.882197029528199,1.3679072329278,0.268067156263394,0.868045915381585,-0.169273081806553,-1.11494119068603,-0.0133769410133909,-0.0544808744816048,-0.242548871167565,-0.0054588990845376,0.284099586331811,0.362235199280737,-0.445550502501927,0.0426910068324101,0.0658355092364674,69.18,0
135231.0,-3.3626019235778,2.4509811917246,0.0010845001908693,-0.49615459450531,-2.50253806756456,-0.070796610358279,-2.73077059450466,-0.0539319662245999,0.003478444102775,-1.11750073161232,0.107621464676034,1.25941991110979,-0.993641811636678,1.51131277114169,-0.724314825403565,1.16314492797953,0.392449647338894,0.780527836969853,-0.299134652949552,-1.29734867013802,2.72577034447996,-0.367665678968505,0.633557994040964,0.492820121481508,-0.65821163150065,0.256635607879596,-0.921749051352389,-0.168947210534173,0.9,0
84738.0,-2.50194254322007,1.5803870008489,1.50631465877682,0.959037539393333,-1.86224647566502,0.0510507236279529,-1.18122498469507,1.65131367552115,-0.076228966330722,-0.361451401738496,-0.496798495685072,0.248837926816852,-0.120489037777195,0.701843286291172,2.03832429928488,0.367780698694768,0.441428883013586,0.439091417142512,-0.490262731266135,0.0938998613650808,0.36787524376243,0.933886258721737,-0.187107177651737,0.415634717009538,0.280213620854732,-0.0817670730135468,0.267655914277784,0.0257301505537265,45.81,0
63205.0,-0.762721839282903,0.382738973089448,1.86972368227994,-1.53702012189268,0.246844085941518,1.04387672815092,-0.0947208428908041,0.559272256818746,0.488515298983852,-0.814016475432452,-0.174807963537206,0.363953227571779,-0.229569777399999,-0.433835728906676,-0.72786733321361,0.647168163312669,-0.792663822071412,0.182743334114788,-0.0284368312488692,0.0422598157758077,-0.102378907403811,-0.0731005728719056,-0.313610892567088,-1.21432410321889,-0.0371047872342406,0.943231648793839,0.272473963999754,0.124623567675966,1.0,0
60439.0,-0.377303718131528,0.572787075442336,1.33386921515408,-7.04616500213154e-05,0.304510661826787,-0.0849809969087964,0.497673181393605,0.0224420782304154,0.100337945217143,-0.66465549308826,-1.72850082602235,-0.140484209891022,-0.0220902161444315,-0.31830352879964,-0.581974960388244,-0.244371450026464,-0.188036395556301,-0.117347440787839,0.713008214781239,0.0016417335824617,-0.0231369516446615,0.118388594122946,-0.270359234173422,-0.393864009347954,-0.0626527642439424,0.510584845782983,0.0947801255106433,0.126249347713576,12.95,0
28726.0,-29.8763655139763,16.4345245512223,-30.5586968214292,6.50586178736296,-21.6656542956569,-4.94035632949796,-20.0813910746494,19.5877726234404,-3.59149104711596,-7.80059820772759,3.94783971729026,-5.4879114860488,1.36994034924206,-4.82955244300835,-0.134412095441135,-5.12116240451142,-11.1181904509172,-4.65995586983801,0.608930080519071,1.72477883837961,1.81295397464878,-2.23225158753151,-1.41280344282556,0.178731069561437,2.15604185816706,-0.20938462411377,1.25564890085966,0.364530452975509,99.99,1
34928.0,1.24884630975994,0.231076222071218,0.113185897825706,0.880484268677689,0.165066102977671,0.066443747329335,-0.0345265286661042,0.0317640559078382,0.192374434502043,-0.0412537438684668,-0.974066031989727,-0.1432074247882,-0.173507813218818,0.349752577877998,1.33324798575396,0.129043797500343,-0.471350630157155,-0.283535069762229,-0.412566762933565,-0.169174465425929,-0.0704497648593629,-0.138293347190303,-0.0998404265496256,-0.791002420854203,0.582564983928344,-0.336085135067557,0.0375423147633987,0.0126820574568128,2.94,0
38035.0,-0.653911445788036,0.433756181369592,1.84550736709883,0.144894492703757,0.0540579374094748,0.0801071350309008,0.393689387365864,0.255620307471757,-0.343478068469079,-0.5448782595682,1.24295191944368,0.966385263322394,-0.32168786781953,0.0659169869770898,-0.835258905871215,-0.46578627378327,0.119888324860019,-0.529695702243248,0.252586964291855,0.0173112017075529,-0.0666410113374523,-0.162146848709862,0.0920852998391584,0.230700304800214,-0.471070433463904,0.103291757422896,0.0999415996262219,0.128537294368497,35.95,0
106890.0,-0.488586779243543,1.25374390430496,1.45239721918,-0.0406838598679424,0.614890648201103,-0.635744817170624,1.12872469081455,-0.370950340365924,0.366103085200853,-1.10541138056559,0.334621023229647,-1.85377837632322,3.09398848189371,1.37270813849093,-0.607634486788537,-0.563889966569184,0.664569873350088,-0.484912622084632,0.841502435349432,0.109173527083395,-0.415726421098915,-0.851169955220336,-0.290851390652541,-0.0307765948377238,0.417954534025593,0.419397839886177,-0.0383893922824076,0.0460973947276459,11.99,0
150128.0,1.94798517859344,-0.564043138494745,-0.523808219653968,0.388141538095696,-0.530014975615984,-0.0061318322275814,-0.70495353311019,0.115224799257534,1.60109057563126,-0.16543275677189,-1.29701462037359,-0.075353066475927,-0.709581140305129,-0.0392386102501259,0.680838683683318,0.14851552773444,-0.492056518430657,0.325838416322918,-0.214108810253224,-0.202138960160087,0.183174179827276,0.662015281737171,0.126429957484753,0.517802033153809,-0.102642101879183,-0.23036725408904,0.0297358938785946,-0.0299945505738555,32.0,0
79200.0,-0.44000152627232,0.682562032200064,1.29151683434985,0.964039863062872,0.115362272009212,-0.868941834205745,0.694664080769296,-0.0807492165396696,-0.471730088590731,-0.207108687754694,-0.76246792973079,-0.8663554528481,-1.34834971606624,0.630546105257623,1.18768928695309,-0.25940550794599,-0.101917883579303,0.300532711066931,0.44670728337854,0.0406336410270823,0.170601791037142,0.353717491127684,-0.0578675144479049,0.355256332544493,-0.193649809404588,-0.315362805790992,0.134245083161,0.157592214131025,40.0,0
158367.0,-2.85005393185714,-0.576057447186169,-3.03359744330056,0.519115127167657,3.13970242108756,-2.9821370417683,-0.269201479046844,0.377441751132443,-0.740350592908491,-1.65931831149869,-0.335182901797754,0.537733682325844,1.18427570631903,-2.05258968259121,-0.56712575633444,0.585309664568711,2.30122274826868,0.605257133930856,-0.472767124447298,-0.230991031542949,0.114756326727154,0.236351770387264,-1.07430470400843,0.708844370815888,-0.753405959791945,0.467999509792876,0.569887760496248,-0.519821206727607,0.76,0
106889.0,2.04992575498578,-0.336742303249198,-1.04839170985672,-1.57209451876988,-0.111211543900696,-0.797466086261325,-0.233239633120126,-0.207112833201237,2.5598835511692,-1.1145946837572,2.4951966491356,-0.738550360211718,2.20301931850507,1.946764840307,0.114123626780242,-0.272090185946225,0.128384227088957,0.0932303332220231,0.859922135401005,-0.160853794804588,-0.508386948237762,-1.17849591945747,0.513628550431142,0.602750835852185,-0.524353616454202,-0.876331649235707,-0.0310065045098182,-0.0499949876230012,9.83,0
28745.0,1.05396096469595,-0.39008523559181,1.20162361641721,0.438047211833921,-1.04858529235974,0.106448141084639,-0.802894051337001,0.196317204554956,0.442741796887572,0.0121328466669821,1.07571581020295,0.983630256446096,0.714964401864071,-0.12443772610945,0.888972185727606,1.13170844085946,-1.07614913984542,0.959112161463945,-0.19529340875782,0.116147548503969,0.293502614562127,0.742737799435613,-0.144053718836619,0.0848111930832231,0.192749098690543,0.571022952373644,5.49833080613514e-05,0.0296377573451984,71.39,0
147039.0,0.0927760312997568,-4.25883738536663,-3.27511546805315,-0.520346671058102,-0.320209304934171,1.40441241540532,0.838895807555718,-0.0050936665142806,-0.844639260557006,0.425485142149102,0.883814756889337,-0.33340985134972,-0.632311304988476,0.739547645898305,0.281592067864326,0.33989817937434,0.713991841143865,-1.89021552025903,-0.183746964230268,2.00394232093439,0.987473461727199,0.486869497517146,-0.870540233563506,-0.867180155424028,-0.316223388113212,-0.050946858046904,-0.216285593504295,0.0900985018125224,1065.62,0
135917.0,-3.51653792220218,1.63924342250469,-0.30700534927481,-0.893652311695819,0.725668466791784,0.111291954440223,1.44676254293666,-0.486388700170869,2.86248968903943,3.09015488819578,-1.78619194477121,0.309022829524895,0.683558416021504,-2.00671861455992,-1.65418367041299,-0.952835288987472,-0.553436791836421,-1.08903008033424,0.695144507079451,0.738135513792003,-1.14355646737802,-0.701103843261355,0.194280715329923,-1.03908385601933,0.70248155063511,0.145905361789232,0.650962530243657,0.074185547672609,43.84,0
80597.0,1.2408543505346,0.694392716075617,-0.213788982323854,1.3005237084552,0.063789332510308,-1.17710871903872,0.326624450518573,-0.270599852502263,-0.150876382892696,-0.56283095653249,0.104884576691827,0.201963568490929,0.443475466408747,-1.10535234000566,1.0034030258026,0.470274854528802,0.61259552767795,0.391799550955512,-0.578052154017736,-0.0764444489316723,-0.0446475130283054,-0.0349463590522271,-0.124859477623074,0.287817740405407,0.708010783246743,-0.328839187483842,0.034472039900625,0.0513086171706493,1.0,0
138664.0,2.02042135882088,0.116316604236355,-1.60258393999907,0.344898039802039,0.384071281269477,-0.663526997721539,0.0865547693358328,-0.102084006454282,0.219388909794255,-0.209646902498231,1.30084400163407,0.904711147338521,-0.0389382450553479,-0.639613012578474,-0.510612690154527,0.457426098819341,0.289994391672746,0.124644529966355,0.271946517785644,-0.151599878985603,-0.300908567975204,-0.796105552471396,0.351029556552563,0.670151622196176,-0.312450653264888,0.142610261453044,-0.0660298165374311,-0.0388334337879717,0.99,0
69416.0,-0.578755311205397,1.09019223690234,0.720793243423489,0.855814131125364,-0.27787482018782,-0.359738250499825,0.686453184316033,0.0556394071550014,-0.699620476582484,0.19836243685783,1.19604000341146,0.728077134907972,0.146727973305975,0.499055379690206,0.328871523750457,-0.0308095542229733,-0.432747900978254,0.557013217473953,0.653215689661526,-0.168199602341039,0.171540147324669,0.586956747593576,0.0028499373322025,0.346862985492848,-0.179046545769057,-0.391662534954162,-0.41136899984159,-0.297322637279489,64.88,0
163666.0,-0.569109959069524,0.838593851401969,2.18002799394516,-0.367731153604115,-0.0628912809131972,-0.32313788284751,0.600887530676693,-0.0911942399228259,0.442460779905264,-0.561562735961612,-0.728700032526902,-0.403547389836925,-0.609708871595435,-0.0928065203526396,1.45877620745002,-0.282693764792744,-0.34585647988225,0.223818015622635,0.644125010449375,0.180389352477583,-0.214514123650307,-0.292508309337328,-0.309340867595024,-0.0755484380505545,0.312510819129413,-0.666343359387668,0.191996401211231,-0.0808535511855785,1.0,0
113006.0,2.12932552441131,0.0409629635619814,-1.70527951969872,0.0155287383183195,0.629677049794782,-0.512780471507325,0.231489779316401,-0.319144682823523,0.618207944569464,-0.132970674487483,-1.13888757144881,0.702238316973291,1.35999743895487,0.198719524471182,0.81919003031888,-0.125472310714667,-0.861434706918114,0.185164877933,0.0603910612753731,-0.129057104127291,0.234082009537684,0.883998559411559,-0.0833518806602254,0.140602614099961,0.481840718073727,-0.416671112246304,0.0104780049796821,-0.0511378655015154,1.0,0
